<?xml version="1.0" encoding="utf-8" ?>
<kml xmlns="http://www.opengis.net/kml/2.2">
<Document id="root_doc">
<Schema name="87e86746026560bba68eca80b62672f3" id="87e86746026560bba68eca80b62672f3">
	<SimpleField name="timestamp" type="string"></SimpleField>
	<SimpleField name="file" type="string"></SimpleField>
	<SimpleField name="picture" type="string"></SimpleField>
</Schema>
<Folder><name>87e86746026560bba68eca80b62672f3</name>
  <Placemark>
	<name>2021/07/24 16:11:57</name>
	<description>[Leftist Viennese Dude picture](https://LeftistVienneseDudes.info/dudes.html?datetime=2021-07-24T16:11:57&amp;file=20.jpeg) taken on 2021-07-24T16:11:57 at 48.204319,16.350478</description>
	<ExtendedData><SchemaData schemaUrl="#87e86746026560bba68eca80b62672f3">
		<SimpleData name="timestamp">2021/07/24 16:11:57</SimpleData>
		<SimpleData name="file">20.jpeg</SimpleData>
		<SimpleData name="picture">C995584E-86A0-4FAA-90FC-D81F8382F62A</SimpleData>
	</SchemaData></ExtendedData>
      <Point><coordinates>16.350478,48.204319</coordinates></Point>
  </Placemark>
  <Placemark>
	<name>2021/07/24 16:12:00</name>
	<description>[Leftist Viennese Dude picture](https://LeftistVienneseDudes.info/dudes.html?datetime=2021-07-24T16:12:00&amp;file=21.jpeg) taken on 2021-07-24T16:12:00 at 48.203697,16.354847</description>
	<ExtendedData><SchemaData schemaUrl="#87e86746026560bba68eca80b62672f3">
		<SimpleData name="timestamp">2021/07/24 16:12:00</SimpleData>
		<SimpleData name="file">21.jpeg</SimpleData>
		<SimpleData name="picture">B80CD41B-7BC9-4E6B-86DB-AD399C478405</SimpleData>
	</SchemaData></ExtendedData>
      <Point><coordinates>16.354847,48.203697</coordinates></Point>
  </Placemark>
  <Placemark>
	<name>2021/07/24 16:41:10</name>
	<description>[Leftist Viennese Dude picture](https://LeftistVienneseDudes.info/dudes.html?datetime=2021-07-24T16:41:10&amp;file=22.jpeg) taken on 2021-07-24T16:41:10 at 48.202564,16.361578</description>
	<ExtendedData><SchemaData schemaUrl="#87e86746026560bba68eca80b62672f3">
		<SimpleData name="timestamp">2021/07/24 16:41:10</SimpleData>
		<SimpleData name="file">22.jpeg</SimpleData>
		<SimpleData name="picture">43A4602B-7E29-4327-A7AB-7953C287A0C6</SimpleData>
	</SchemaData></ExtendedData>
      <Point><coordinates>16.361578,48.202564</coordinates></Point>
  </Placemark>
  <Placemark>
	<name>2021/07/24 16:41:10</name>
	<description>[Leftist Viennese Dude picture](https://LeftistVienneseDudes.info/dudes.html?datetime=2021-07-24T16:41:10&amp;file=23.jpeg) taken on 2021-07-24T16:41:10 at 48.202564,16.361578</description>
	<ExtendedData><SchemaData schemaUrl="#87e86746026560bba68eca80b62672f3">
		<SimpleData name="timestamp">2021/07/24 16:41:10</SimpleData>
		<SimpleData name="file">23.jpeg</SimpleData>
		<SimpleData name="picture">43A4602B-7E29-4327-A7AB-7953C287A0C6</SimpleData>
	</SchemaData></ExtendedData>
      <Point><coordinates>16.361578,48.202564</coordinates></Point>
  </Placemark>
  <Placemark>
	<name>2021/08/25 13:33:34</name>
	<description>[Leftist Viennese Dude picture](https://LeftistVienneseDudes.info/dudes.html?datetime=2021-08-25T13:33:34&amp;file=24.jpeg) taken on 2021-08-25T13:33:34 at 48.195131,16.355947</description>
	<ExtendedData><SchemaData schemaUrl="#87e86746026560bba68eca80b62672f3">
		<SimpleData name="timestamp">2021/08/25 13:33:34</SimpleData>
		<SimpleData name="file">24.jpeg</SimpleData>
		<SimpleData name="picture">31790690-6853-407B-B710-D241BE5801A3</SimpleData>
	</SchemaData></ExtendedData>
      <Point><coordinates>16.355947,48.195131</coordinates></Point>
  </Placemark>
  <Placemark>
	<name>2021/08/25 13:33:41</name>
	<description>[Leftist Viennese Dude picture](https://LeftistVienneseDudes.info/dudes.html?datetime=2021-08-25T13:33:41&amp;file=25.jpeg) taken on 2021-08-25T13:33:41 at 48.195239,16.355847</description>
	<ExtendedData><SchemaData schemaUrl="#87e86746026560bba68eca80b62672f3">
		<SimpleData name="timestamp">2021/08/25 13:33:41</SimpleData>
		<SimpleData name="file">25.jpeg</SimpleData>
		<SimpleData name="picture">A2F57B6D-10C2-4D36-A713-1B1A7A9F0AB7</SimpleData>
	</SchemaData></ExtendedData>
      <Point><coordinates>16.355847,48.195239</coordinates></Point>
  </Placemark>
  <Placemark>
	<name>2021/08/28 13:41:40</name>
	<description>[Leftist Viennese Dude picture](https://LeftistVienneseDudes.info/dudes.html?datetime=2021-08-28T13:41:40&amp;file=26.jpeg) taken on 2021-08-28T13:41:40 at 48.194786,16.349072</description>
	<ExtendedData><SchemaData schemaUrl="#87e86746026560bba68eca80b62672f3">
		<SimpleData name="timestamp">2021/08/28 13:41:40</SimpleData>
		<SimpleData name="file">26.jpeg</SimpleData>
		<SimpleData name="picture">AF7BF5C9-6C4B-4F81-A3CD-DB867008D26D</SimpleData>
	</SchemaData></ExtendedData>
      <Point><coordinates>16.349072,48.194786</coordinates></Point>
  </Placemark>
  <Placemark>
	<name>2021/08/28 13:41:51</name>
	<description>[Leftist Viennese Dude picture](https://LeftistVienneseDudes.info/dudes.html?datetime=2021-08-28T13:41:51&amp;file=27.jpeg) taken on 2021-08-28T13:41:51 at 48.194814,16.349108</description>
	<ExtendedData><SchemaData schemaUrl="#87e86746026560bba68eca80b62672f3">
		<SimpleData name="timestamp">2021/08/28 13:41:51</SimpleData>
		<SimpleData name="file">27.jpeg</SimpleData>
		<SimpleData name="picture">1724FE2E-0C90-4442-8475-C50A950BEFAD</SimpleData>
	</SchemaData></ExtendedData>
      <Point><coordinates>16.349108,48.194814</coordinates></Point>
  </Placemark>
  <Placemark>
	<name>2021/08/28 13:41:59</name>
	<description>[Leftist Viennese Dude picture](https://LeftistVienneseDudes.info/dudes.html?datetime=2021-08-28T13:41:59&amp;file=28.jpeg) taken on 2021-08-28T13:41:59 at 48.194828,16.349128</description>
	<ExtendedData><SchemaData schemaUrl="#87e86746026560bba68eca80b62672f3">
		<SimpleData name="timestamp">2021/08/28 13:41:59</SimpleData>
		<SimpleData name="file">28.jpeg</SimpleData>
		<SimpleData name="picture">65E5EE16-C25A-4CE7-9AE6-D97F89C0B1E7</SimpleData>
	</SchemaData></ExtendedData>
      <Point><coordinates>16.349128,48.194828</coordinates></Point>
  </Placemark>
  <Placemark>
	<name>2021/08/28 13:43:53</name>
	<description>[Leftist Viennese Dude picture](https://LeftistVienneseDudes.info/dudes.html?datetime=2021-08-28T13:43:53&amp;file=29.jpeg) taken on 2021-08-28T13:43:53 at 48.195389,16.34855</description>
	<ExtendedData><SchemaData schemaUrl="#87e86746026560bba68eca80b62672f3">
		<SimpleData name="timestamp">2021/08/28 13:43:53</SimpleData>
		<SimpleData name="file">29.jpeg</SimpleData>
		<SimpleData name="picture">5FAAB420-2BB5-46D2-9AAC-C2AE715F564E</SimpleData>
	</SchemaData></ExtendedData>
      <Point><coordinates>16.34855,48.195389</coordinates></Point>
  </Placemark>
  <Placemark>
	<name>2021/08/28 13:44:08</name>
	<description>[Leftist Viennese Dude picture](https://LeftistVienneseDudes.info/dudes.html?datetime=2021-08-28T13:44:08&amp;file=30.jpeg) taken on 2021-08-28T13:44:08 at 48.195206,16.348478</description>
	<ExtendedData><SchemaData schemaUrl="#87e86746026560bba68eca80b62672f3">
		<SimpleData name="timestamp">2021/08/28 13:44:08</SimpleData>
		<SimpleData name="file">30.jpeg</SimpleData>
		<SimpleData name="picture">7CE5206A-E842-4AF8-A5B9-8825968461DB</SimpleData>
	</SchemaData></ExtendedData>
      <Point><coordinates>16.348478,48.195206</coordinates></Point>
  </Placemark>
  <Placemark>
	<name>2021/08/28 13:44:59</name>
	<description>[Leftist Viennese Dude picture](https://LeftistVienneseDudes.info/dudes.html?datetime=2021-08-28T13:44:59&amp;file=31.jpeg) taken on 2021-08-28T13:44:59 at 48.195572,16.348256</description>
	<ExtendedData><SchemaData schemaUrl="#87e86746026560bba68eca80b62672f3">
		<SimpleData name="timestamp">2021/08/28 13:44:59</SimpleData>
		<SimpleData name="file">31.jpeg</SimpleData>
		<SimpleData name="picture">23BDF4C5-E45E-47D1-8191-C8845D4E5525</SimpleData>
	</SchemaData></ExtendedData>
      <Point><coordinates>16.348256,48.195572</coordinates></Point>
  </Placemark>
  <Placemark>
	<name>2021/08/28 13:45:11</name>
	<description>[Leftist Viennese Dude picture](https://LeftistVienneseDudes.info/dudes.html?datetime=2021-08-28T13:45:11&amp;file=32.jpeg) taken on 2021-08-28T13:45:11 at 48.195525,16.348208</description>
	<ExtendedData><SchemaData schemaUrl="#87e86746026560bba68eca80b62672f3">
		<SimpleData name="timestamp">2021/08/28 13:45:11</SimpleData>
		<SimpleData name="file">32.jpeg</SimpleData>
		<SimpleData name="picture">8BCF6983-7C85-4B0B-950B-5189CCA0A0C2</SimpleData>
	</SchemaData></ExtendedData>
      <Point><coordinates>16.348208,48.195525</coordinates></Point>
  </Placemark>
  <Placemark>
	<name>2021/08/28 13:45:56</name>
	<description>[Leftist Viennese Dude picture](https://LeftistVienneseDudes.info/dudes.html?datetime=2021-08-28T13:45:56&amp;file=33.jpeg) taken on 2021-08-28T13:45:56 at 48.195658,16.348211</description>
	<ExtendedData><SchemaData schemaUrl="#87e86746026560bba68eca80b62672f3">
		<SimpleData name="timestamp">2021/08/28 13:45:56</SimpleData>
		<SimpleData name="file">33.jpeg</SimpleData>
		<SimpleData name="picture">41506153-0085-4AF3-AF53-246B27650C61</SimpleData>
	</SchemaData></ExtendedData>
      <Point><coordinates>16.348211,48.195658</coordinates></Point>
  </Placemark>
  <Placemark>
	<name>2021/08/28 13:46:16</name>
	<description>[Leftist Viennese Dude picture](https://LeftistVienneseDudes.info/dudes.html?datetime=2021-08-28T13:46:16&amp;file=34.jpeg) taken on 2021-08-28T13:46:16 at 48.195694,16.348183</description>
	<ExtendedData><SchemaData schemaUrl="#87e86746026560bba68eca80b62672f3">
		<SimpleData name="timestamp">2021/08/28 13:46:16</SimpleData>
		<SimpleData name="file">34.jpeg</SimpleData>
		<SimpleData name="picture">276A4ACF-E151-47A3-ADC0-8A7214CE6702</SimpleData>
	</SchemaData></ExtendedData>
      <Point><coordinates>16.348183,48.195694</coordinates></Point>
  </Placemark>
  <Placemark>
	<name>2021/08/28 13:46:33</name>
	<description>[Leftist Viennese Dude picture](https://LeftistVienneseDudes.info/dudes.html?datetime=2021-08-28T13:46:33&amp;file=35.jpeg) taken on 2021-08-28T13:46:33 at 48.195683,16.348169</description>
	<ExtendedData><SchemaData schemaUrl="#87e86746026560bba68eca80b62672f3">
		<SimpleData name="timestamp">2021/08/28 13:46:33</SimpleData>
		<SimpleData name="file">35.jpeg</SimpleData>
		<SimpleData name="picture">A7B5400C-18F5-4290-9D2B-AAD5469EED9F</SimpleData>
	</SchemaData></ExtendedData>
      <Point><coordinates>16.348169,48.195683</coordinates></Point>
  </Placemark>
  <Placemark>
	<name>2021/08/28 13:55:48</name>
	<description>[Leftist Viennese Dude picture](https://LeftistVienneseDudes.info/dudes.html?datetime=2021-08-28T13:55:48&amp;file=36.jpeg) taken on 2021-08-28T13:55:48 at 48.195428,16.345289</description>
	<ExtendedData><SchemaData schemaUrl="#87e86746026560bba68eca80b62672f3">
		<SimpleData name="timestamp">2021/08/28 13:55:48</SimpleData>
		<SimpleData name="file">36.jpeg</SimpleData>
		<SimpleData name="picture">0199F223-7175-4253-BB9F-6FFE8305F929</SimpleData>
	</SchemaData></ExtendedData>
      <Point><coordinates>16.345289,48.195428</coordinates></Point>
  </Placemark>
  <Placemark>
	<name>2021/08/28 13:56:02</name>
	<description>[Leftist Viennese Dude picture](https://LeftistVienneseDudes.info/dudes.html?datetime=2021-08-28T13:56:02&amp;file=37.jpeg) taken on 2021-08-28T13:56:02 at 48.195411,16.345306</description>
	<ExtendedData><SchemaData schemaUrl="#87e86746026560bba68eca80b62672f3">
		<SimpleData name="timestamp">2021/08/28 13:56:02</SimpleData>
		<SimpleData name="file">37.jpeg</SimpleData>
		<SimpleData name="picture">95BFBEF3-9BFB-4D4E-8A00-1475951BE33E</SimpleData>
	</SchemaData></ExtendedData>
      <Point><coordinates>16.345306,48.195411</coordinates></Point>
  </Placemark>
  <Placemark>
	<name>2021/08/30 15:58:16</name>
	<description>[Leftist Viennese Dude picture](https://LeftistVienneseDudes.info/dudes.html?datetime=2021-08-30T15:58:16&amp;file=38.jpeg) taken on 2021-08-30T15:58:16 at 48.195258,16.348581</description>
	<ExtendedData><SchemaData schemaUrl="#87e86746026560bba68eca80b62672f3">
		<SimpleData name="timestamp">2021/08/30 15:58:16</SimpleData>
		<SimpleData name="file">38.jpeg</SimpleData>
		<SimpleData name="picture">4B73F4F5-3092-4C68-BF65-61EDADFA1A35</SimpleData>
	</SchemaData></ExtendedData>
      <Point><coordinates>16.348581,48.195258</coordinates></Point>
  </Placemark>
  <Placemark>
	<name>2021/08/30 15:58:21</name>
	<description>[Leftist Viennese Dude picture](https://LeftistVienneseDudes.info/dudes.html?datetime=2021-08-30T15:58:21&amp;file=39.jpeg) taken on 2021-08-30T15:58:21 at 48.195275,16.348622</description>
	<ExtendedData><SchemaData schemaUrl="#87e86746026560bba68eca80b62672f3">
		<SimpleData name="timestamp">2021/08/30 15:58:21</SimpleData>
		<SimpleData name="file">39.jpeg</SimpleData>
		<SimpleData name="picture">87ADEDFC-552E-4C44-839A-C8A25A55FD26</SimpleData>
	</SchemaData></ExtendedData>
      <Point><coordinates>16.348622,48.195275</coordinates></Point>
  </Placemark>
  <Placemark>
	<name>2021/08/30 15:58:31</name>
	<description>[Leftist Viennese Dude picture](https://LeftistVienneseDudes.info/dudes.html?datetime=2021-08-30T15:58:31&amp;file=40.jpeg) taken on 2021-08-30T15:58:31 at 48.195264,16.348628</description>
	<ExtendedData><SchemaData schemaUrl="#87e86746026560bba68eca80b62672f3">
		<SimpleData name="timestamp">2021/08/30 15:58:31</SimpleData>
		<SimpleData name="file">40.jpeg</SimpleData>
		<SimpleData name="picture">54A78490-B516-43E3-AAD4-9E0D34F2684C</SimpleData>
	</SchemaData></ExtendedData>
      <Point><coordinates>16.348628,48.195264</coordinates></Point>
  </Placemark>
  <Placemark>
	<name>2021/10/20 15:07:48</name>
	<description>[Leftist Viennese Dude picture](https://LeftistVienneseDudes.info/dudes.html?datetime=2021-10-20T15:07:48&amp;file=41.jpeg) taken on 2021-10-20T15:07:48 at 48.201725,16.343219</description>
	<ExtendedData><SchemaData schemaUrl="#87e86746026560bba68eca80b62672f3">
		<SimpleData name="timestamp">2021/10/20 15:07:48</SimpleData>
		<SimpleData name="file">41.jpeg</SimpleData>
		<SimpleData name="picture">0111B1CA-EBC4-4478-BB19-FF4DEAE944B9</SimpleData>
	</SchemaData></ExtendedData>
      <Point><coordinates>16.343219,48.201725</coordinates></Point>
  </Placemark>
  <Placemark>
	<name>2021/10/20 15:07:59</name>
	<description>[Leftist Viennese Dude picture](https://LeftistVienneseDudes.info/dudes.html?datetime=2021-10-20T15:07:59&amp;file=42.jpeg) taken on 2021-10-20T15:07:59 at 48.201631,16.343217</description>
	<ExtendedData><SchemaData schemaUrl="#87e86746026560bba68eca80b62672f3">
		<SimpleData name="timestamp">2021/10/20 15:07:59</SimpleData>
		<SimpleData name="file">42.jpeg</SimpleData>
		<SimpleData name="picture">DCFB1DFB-4FBC-4145-9044-A0C6F9D3B0BD</SimpleData>
	</SchemaData></ExtendedData>
      <Point><coordinates>16.343217,48.201631</coordinates></Point>
  </Placemark>
  <Placemark>
	<name>2021/10/20 15:08:07</name>
	<description>[Leftist Viennese Dude picture](https://LeftistVienneseDudes.info/dudes.html?datetime=2021-10-20T15:08:07&amp;file=43.jpeg) taken on 2021-10-20T15:08:07 at 48.2016,16.343108</description>
	<ExtendedData><SchemaData schemaUrl="#87e86746026560bba68eca80b62672f3">
		<SimpleData name="timestamp">2021/10/20 15:08:07</SimpleData>
		<SimpleData name="file">43.jpeg</SimpleData>
		<SimpleData name="picture">BF6C4DF4-AB82-4D5D-B471-42881107B5B0</SimpleData>
	</SchemaData></ExtendedData>
      <Point><coordinates>16.343108,48.2016</coordinates></Point>
  </Placemark>
  <Placemark>
	<name>2021/10/20 15:09:29</name>
	<description>[Leftist Viennese Dude picture](https://LeftistVienneseDudes.info/dudes.html?datetime=2021-10-20T15:09:29&amp;file=44.jpeg) taken on 2021-10-20T15:09:29 at 48.201739,16.343194</description>
	<ExtendedData><SchemaData schemaUrl="#87e86746026560bba68eca80b62672f3">
		<SimpleData name="timestamp">2021/10/20 15:09:29</SimpleData>
		<SimpleData name="file">44.jpeg</SimpleData>
		<SimpleData name="picture">5522DB5F-D528-4A6E-8B60-E496DDD5BC51</SimpleData>
	</SchemaData></ExtendedData>
      <Point><coordinates>16.343194,48.201739</coordinates></Point>
  </Placemark>
  <Placemark>
	<name>2021/10/20 15:09:34</name>
	<description>[Leftist Viennese Dude picture](https://LeftistVienneseDudes.info/dudes.html?datetime=2021-10-20T15:09:34&amp;file=45.jpeg) taken on 2021-10-20T15:09:34 at 48.201744,16.343261</description>
	<ExtendedData><SchemaData schemaUrl="#87e86746026560bba68eca80b62672f3">
		<SimpleData name="timestamp">2021/10/20 15:09:34</SimpleData>
		<SimpleData name="file">45.jpeg</SimpleData>
		<SimpleData name="picture">2CAE8C9B-9A26-4ABA-B6A7-CD3FFE5DF150</SimpleData>
	</SchemaData></ExtendedData>
      <Point><coordinates>16.343261,48.201744</coordinates></Point>
  </Placemark>
  <Placemark>
	<name>2021/10/20 15:11:49</name>
	<description>[Leftist Viennese Dude picture](https://LeftistVienneseDudes.info/dudes.html?datetime=2021-10-20T15:11:49&amp;file=46.jpeg) taken on 2021-10-20T15:11:49 at 48.202992,16.343164</description>
	<ExtendedData><SchemaData schemaUrl="#87e86746026560bba68eca80b62672f3">
		<SimpleData name="timestamp">2021/10/20 15:11:49</SimpleData>
		<SimpleData name="file">46.jpeg</SimpleData>
		<SimpleData name="picture">DF2E21DF-FD18-447F-9B58-24B11F07ECC6</SimpleData>
	</SchemaData></ExtendedData>
      <Point><coordinates>16.343164,48.202992</coordinates></Point>
  </Placemark>
  <Placemark>
	<name>2021/10/20 15:12:21</name>
	<description>[Leftist Viennese Dude picture](https://LeftistVienneseDudes.info/dudes.html?datetime=2021-10-20T15:12:21&amp;file=47.jpeg) taken on 2021-10-20T15:12:21 at 48.202958,16.343056</description>
	<ExtendedData><SchemaData schemaUrl="#87e86746026560bba68eca80b62672f3">
		<SimpleData name="timestamp">2021/10/20 15:12:21</SimpleData>
		<SimpleData name="file">47.jpeg</SimpleData>
		<SimpleData name="picture">2287B3BC-A003-4662-B4A2-9A2AC06F0ED1</SimpleData>
	</SchemaData></ExtendedData>
      <Point><coordinates>16.343056,48.202958</coordinates></Point>
  </Placemark>
  <Placemark>
	<name>2021/10/20 15:12:43</name>
	<description>[Leftist Viennese Dude picture](https://LeftistVienneseDudes.info/dudes.html?datetime=2021-10-20T15:12:43&amp;file=48.jpeg) taken on 2021-10-20T15:12:43 at 48.202817,16.343169</description>
	<ExtendedData><SchemaData schemaUrl="#87e86746026560bba68eca80b62672f3">
		<SimpleData name="timestamp">2021/10/20 15:12:43</SimpleData>
		<SimpleData name="file">48.jpeg</SimpleData>
		<SimpleData name="picture">8A480145-40A4-491C-95C8-B569A1C2D8F7</SimpleData>
	</SchemaData></ExtendedData>
      <Point><coordinates>16.343169,48.202817</coordinates></Point>
  </Placemark>
  <Placemark>
	<name>2021/10/20 15:45:33</name>
	<description>[Leftist Viennese Dude picture](https://LeftistVienneseDudes.info/dudes.html?datetime=2021-10-20T15:45:33&amp;file=49.jpeg) taken on 2021-10-20T15:45:33 at 48.201794,16.361125</description>
	<ExtendedData><SchemaData schemaUrl="#87e86746026560bba68eca80b62672f3">
		<SimpleData name="timestamp">2021/10/20 15:45:33</SimpleData>
		<SimpleData name="file">49.jpeg</SimpleData>
		<SimpleData name="picture">68E8D763-6713-409D-B877-26E3C7E66E3C</SimpleData>
	</SchemaData></ExtendedData>
      <Point><coordinates>16.361125,48.201794</coordinates></Point>
  </Placemark>
  <Placemark>
	<name>2021/10/26 14:05:18</name>
	<description>[Leftist Viennese Dude picture](https://LeftistVienneseDudes.info/dudes.html?datetime=2021-10-26T14:05:18&amp;file=50.jpeg) taken on 2021-10-26T14:05:18 at 48.201528,16.390842</description>
	<ExtendedData><SchemaData schemaUrl="#87e86746026560bba68eca80b62672f3">
		<SimpleData name="timestamp">2021/10/26 14:05:18</SimpleData>
		<SimpleData name="file">50.jpeg</SimpleData>
		<SimpleData name="picture">1C6129E9-8954-4660-B48A-E35929B55AB9</SimpleData>
	</SchemaData></ExtendedData>
      <Point><coordinates>16.390842,48.201528</coordinates></Point>
  </Placemark>
  <Placemark>
	<name>2021/10/26 14:05:23</name>
	<description>[Leftist Viennese Dude picture](https://LeftistVienneseDudes.info/dudes.html?datetime=2021-10-26T14:05:23&amp;file=51.jpeg) taken on 2021-10-26T14:05:23 at 48.201522,16.390889</description>
	<ExtendedData><SchemaData schemaUrl="#87e86746026560bba68eca80b62672f3">
		<SimpleData name="timestamp">2021/10/26 14:05:23</SimpleData>
		<SimpleData name="file">51.jpeg</SimpleData>
		<SimpleData name="picture">327F1AC1-F810-4814-907E-CCB20833FC73</SimpleData>
	</SchemaData></ExtendedData>
      <Point><coordinates>16.390889,48.201522</coordinates></Point>
  </Placemark>
  <Placemark>
	<name>2021/10/26 14:05:35</name>
	<description>[Leftist Viennese Dude picture](https://LeftistVienneseDudes.info/dudes.html?datetime=2021-10-26T14:05:35&amp;file=52.jpeg) taken on 2021-10-26T14:05:35 at 48.201533,16.390892</description>
	<ExtendedData><SchemaData schemaUrl="#87e86746026560bba68eca80b62672f3">
		<SimpleData name="timestamp">2021/10/26 14:05:35</SimpleData>
		<SimpleData name="file">52.jpeg</SimpleData>
		<SimpleData name="picture">ADA008C5-264F-4EE1-812B-3881FA26032C</SimpleData>
	</SchemaData></ExtendedData>
      <Point><coordinates>16.390892,48.201533</coordinates></Point>
  </Placemark>
  <Placemark>
	<name>2021/10/29 12:19:09</name>
	<description>[Leftist Viennese Dude picture](https://LeftistVienneseDudes.info/dudes.html?datetime=2021-10-29T12:19:09&amp;file=53.jpeg) taken on 2021-10-29T12:19:09 at 48.209258,16.348781</description>
	<ExtendedData><SchemaData schemaUrl="#87e86746026560bba68eca80b62672f3">
		<SimpleData name="timestamp">2021/10/29 12:19:09</SimpleData>
		<SimpleData name="file">53.jpeg</SimpleData>
		<SimpleData name="picture">536A5D52-47B5-4CDB-8847-143DBAF0AE85</SimpleData>
	</SchemaData></ExtendedData>
      <Point><coordinates>16.348781,48.209258</coordinates></Point>
  </Placemark>
  <Placemark>
	<name>2021/10/29 12:19:13</name>
	<description>[Leftist Viennese Dude picture](https://LeftistVienneseDudes.info/dudes.html?datetime=2021-10-29T12:19:13&amp;file=54.jpeg) taken on 2021-10-29T12:19:13 at 48.209244,16.348753</description>
	<ExtendedData><SchemaData schemaUrl="#87e86746026560bba68eca80b62672f3">
		<SimpleData name="timestamp">2021/10/29 12:19:13</SimpleData>
		<SimpleData name="file">54.jpeg</SimpleData>
		<SimpleData name="picture">35E7331A-D573-4382-87E9-BC73228A147D</SimpleData>
	</SchemaData></ExtendedData>
      <Point><coordinates>16.348753,48.209244</coordinates></Point>
  </Placemark>
  <Placemark>
	<name>2021/10/29 12:19:28</name>
	<description>[Leftist Viennese Dude picture](https://LeftistVienneseDudes.info/dudes.html?datetime=2021-10-29T12:19:28&amp;file=55.jpeg) taken on 2021-10-29T12:19:28 at 48.209306,16.348686</description>
	<ExtendedData><SchemaData schemaUrl="#87e86746026560bba68eca80b62672f3">
		<SimpleData name="timestamp">2021/10/29 12:19:28</SimpleData>
		<SimpleData name="file">55.jpeg</SimpleData>
		<SimpleData name="picture">D6E463B5-BD08-4ADB-B53D-69935EBDD777</SimpleData>
	</SchemaData></ExtendedData>
      <Point><coordinates>16.348686,48.209306</coordinates></Point>
  </Placemark>
  <Placemark>
	<name>2021/10/29 12:37:19</name>
	<description>[Leftist Viennese Dude picture](https://LeftistVienneseDudes.info/dudes.html?datetime=2021-10-29T12:37:19&amp;file=56.jpeg) taken on 2021-10-29T12:37:19 at 48.212342,16.332936</description>
	<ExtendedData><SchemaData schemaUrl="#87e86746026560bba68eca80b62672f3">
		<SimpleData name="timestamp">2021/10/29 12:37:19</SimpleData>
		<SimpleData name="file">56.jpeg</SimpleData>
		<SimpleData name="picture">F190368C-A39A-4626-A616-22D0C4C0CA1B</SimpleData>
	</SchemaData></ExtendedData>
      <Point><coordinates>16.332936,48.212342</coordinates></Point>
  </Placemark>
  <Placemark>
	<name>2021/10/29 12:37:30</name>
	<description>[Leftist Viennese Dude picture](https://LeftistVienneseDudes.info/dudes.html?datetime=2021-10-29T12:37:30&amp;file=57.jpeg) taken on 2021-10-29T12:37:30 at 48.212361,16.332911</description>
	<ExtendedData><SchemaData schemaUrl="#87e86746026560bba68eca80b62672f3">
		<SimpleData name="timestamp">2021/10/29 12:37:30</SimpleData>
		<SimpleData name="file">57.jpeg</SimpleData>
		<SimpleData name="picture">B81BB96C-D449-4175-818C-74F3F9A93A0B</SimpleData>
	</SchemaData></ExtendedData>
      <Point><coordinates>16.332911,48.212361</coordinates></Point>
  </Placemark>
  <Placemark>
	<name>2021/11/01 11:23:13</name>
	<description>[Leftist Viennese Dude picture](https://LeftistVienneseDudes.info/dudes.html?datetime=2021-11-01T11:23:13&amp;file=58.jpeg) taken on 2021-11-01T11:23:13 at 48.211811,16.322136</description>
	<ExtendedData><SchemaData schemaUrl="#87e86746026560bba68eca80b62672f3">
		<SimpleData name="timestamp">2021/11/01 11:23:13</SimpleData>
		<SimpleData name="file">58.jpeg</SimpleData>
		<SimpleData name="picture">B1B1B9FA-AD88-48EE-96EE-D9BBAFA55EAD</SimpleData>
	</SchemaData></ExtendedData>
      <Point><coordinates>16.322136,48.211811</coordinates></Point>
  </Placemark>
  <Placemark>
	<name>2021/11/01 11:23:24</name>
	<description>[Leftist Viennese Dude picture](https://LeftistVienneseDudes.info/dudes.html?datetime=2021-11-01T11:23:24&amp;file=59.jpeg) taken on 2021-11-01T11:23:24 at 48.211739,16.321964</description>
	<ExtendedData><SchemaData schemaUrl="#87e86746026560bba68eca80b62672f3">
		<SimpleData name="timestamp">2021/11/01 11:23:24</SimpleData>
		<SimpleData name="file">59.jpeg</SimpleData>
		<SimpleData name="picture">3EB5FAA8-F047-4FBE-AA7C-A47F295D4FF5</SimpleData>
	</SchemaData></ExtendedData>
      <Point><coordinates>16.321964,48.211739</coordinates></Point>
  </Placemark>
  <Placemark>
	<name>2021/11/24 11:56:22</name>
	<description>[Leftist Viennese Dude picture](https://LeftistVienneseDudes.info/dudes.html?datetime=2021-11-24T11:56:22&amp;file=60.jpeg) taken on 2021-11-24T11:56:22 at 48.206908,16.353086</description>
	<ExtendedData><SchemaData schemaUrl="#87e86746026560bba68eca80b62672f3">
		<SimpleData name="timestamp">2021/11/24 11:56:22</SimpleData>
		<SimpleData name="file">60.jpeg</SimpleData>
		<SimpleData name="picture">87786BF8-6F42-46CF-BC0D-D8A001EED47A</SimpleData>
	</SchemaData></ExtendedData>
      <Point><coordinates>16.353086,48.206908</coordinates></Point>
  </Placemark>
  <Placemark>
	<name>2021/11/24 11:56:29</name>
	<description>[Leftist Viennese Dude picture](https://LeftistVienneseDudes.info/dudes.html?datetime=2021-11-24T11:56:29&amp;file=61.jpeg) taken on 2021-11-24T11:56:29 at 48.206964,16.353103</description>
	<ExtendedData><SchemaData schemaUrl="#87e86746026560bba68eca80b62672f3">
		<SimpleData name="timestamp">2021/11/24 11:56:29</SimpleData>
		<SimpleData name="file">61.jpeg</SimpleData>
		<SimpleData name="picture">459EA5CA-AA6B-463E-9E05-FA7F61C28C1B</SimpleData>
	</SchemaData></ExtendedData>
      <Point><coordinates>16.353103,48.206964</coordinates></Point>
  </Placemark>
  <Placemark>
	<name>2021/11/24 11:56:36</name>
	<description>[Leftist Viennese Dude picture](https://LeftistVienneseDudes.info/dudes.html?datetime=2021-11-24T11:56:36&amp;file=62.jpeg) taken on 2021-11-24T11:56:36 at 48.206967,16.353114</description>
	<ExtendedData><SchemaData schemaUrl="#87e86746026560bba68eca80b62672f3">
		<SimpleData name="timestamp">2021/11/24 11:56:36</SimpleData>
		<SimpleData name="file">62.jpeg</SimpleData>
		<SimpleData name="picture">F787F354-7A07-4F5D-BF49-E1AB5B537A17</SimpleData>
	</SchemaData></ExtendedData>
      <Point><coordinates>16.353114,48.206967</coordinates></Point>
  </Placemark>
  <Placemark>
	<name>2021/11/24 11:57:03</name>
	<description>[Leftist Viennese Dude picture](https://LeftistVienneseDudes.info/dudes.html?datetime=2021-11-24T11:57:03&amp;file=63.jpeg) taken on 2021-11-24T11:57:03 at 48.207069,16.353006</description>
	<ExtendedData><SchemaData schemaUrl="#87e86746026560bba68eca80b62672f3">
		<SimpleData name="timestamp">2021/11/24 11:57:03</SimpleData>
		<SimpleData name="file">63.jpeg</SimpleData>
		<SimpleData name="picture">D459A343-F8DB-4409-B83A-3A872B56B871</SimpleData>
	</SchemaData></ExtendedData>
      <Point><coordinates>16.353006,48.207069</coordinates></Point>
  </Placemark>
  <Placemark>
	<name>2021/11/24 11:57:08</name>
	<description>[Leftist Viennese Dude picture](https://LeftistVienneseDudes.info/dudes.html?datetime=2021-11-24T11:57:08&amp;file=64.jpeg) taken on 2021-11-24T11:57:08 at 48.207097,16.352997</description>
	<ExtendedData><SchemaData schemaUrl="#87e86746026560bba68eca80b62672f3">
		<SimpleData name="timestamp">2021/11/24 11:57:08</SimpleData>
		<SimpleData name="file">64.jpeg</SimpleData>
		<SimpleData name="picture">0B9D61FA-8589-436F-B33A-1474470753E8</SimpleData>
	</SchemaData></ExtendedData>
      <Point><coordinates>16.352997,48.207097</coordinates></Point>
  </Placemark>
  <Placemark>
	<name>2021/11/24 11:57:15</name>
	<description>[Leftist Viennese Dude picture](https://LeftistVienneseDudes.info/dudes.html?datetime=2021-11-24T11:57:15&amp;file=65.jpeg) taken on 2021-11-24T11:57:15 at 48.207139,16.353014</description>
	<ExtendedData><SchemaData schemaUrl="#87e86746026560bba68eca80b62672f3">
		<SimpleData name="timestamp">2021/11/24 11:57:15</SimpleData>
		<SimpleData name="file">65.jpeg</SimpleData>
		<SimpleData name="picture">3D53AA2B-A650-4FE8-A064-E6BCC183E06F</SimpleData>
	</SchemaData></ExtendedData>
      <Point><coordinates>16.353014,48.207139</coordinates></Point>
  </Placemark>
  <Placemark>
	<name>2021/11/24 11:57:22</name>
	<description>[Leftist Viennese Dude picture](https://LeftistVienneseDudes.info/dudes.html?datetime=2021-11-24T11:57:22&amp;file=66.jpeg) taken on 2021-11-24T11:57:22 at 48.207053,16.353011</description>
	<ExtendedData><SchemaData schemaUrl="#87e86746026560bba68eca80b62672f3">
		<SimpleData name="timestamp">2021/11/24 11:57:22</SimpleData>
		<SimpleData name="file">66.jpeg</SimpleData>
		<SimpleData name="picture">658682D3-121B-4355-98FA-31E90AAF29BF</SimpleData>
	</SchemaData></ExtendedData>
      <Point><coordinates>16.353011,48.207053</coordinates></Point>
  </Placemark>
  <Placemark>
	<name>2021/11/24 12:00:05</name>
	<description>[Leftist Viennese Dude picture](https://LeftistVienneseDudes.info/dudes.html?datetime=2021-11-24T12:00:05&amp;file=67.jpeg) taken on 2021-11-24T12:00:05 at 48.208497,16.352478</description>
	<ExtendedData><SchemaData schemaUrl="#87e86746026560bba68eca80b62672f3">
		<SimpleData name="timestamp">2021/11/24 12:00:05</SimpleData>
		<SimpleData name="file">67.jpeg</SimpleData>
		<SimpleData name="picture">FD96D314-09B5-4B81-9D92-598A8EA1ECE1</SimpleData>
	</SchemaData></ExtendedData>
      <Point><coordinates>16.352478,48.208497</coordinates></Point>
  </Placemark>
  <Placemark>
	<name>2021/11/24 12:00:27</name>
	<description>[Leftist Viennese Dude picture](https://LeftistVienneseDudes.info/dudes.html?datetime=2021-11-24T12:00:27&amp;file=68.jpeg) taken on 2021-11-24T12:00:27 at 48.208508,16.352464</description>
	<ExtendedData><SchemaData schemaUrl="#87e86746026560bba68eca80b62672f3">
		<SimpleData name="timestamp">2021/11/24 12:00:27</SimpleData>
		<SimpleData name="file">68.jpeg</SimpleData>
		<SimpleData name="picture">253457DD-D772-48CE-B7D3-EBA22BA0D3F2</SimpleData>
	</SchemaData></ExtendedData>
      <Point><coordinates>16.352464,48.208508</coordinates></Point>
  </Placemark>
  <Placemark>
	<name>2021/11/24 12:01:06</name>
	<description>[Leftist Viennese Dude picture](https://LeftistVienneseDudes.info/dudes.html?datetime=2021-11-24T12:01:06&amp;file=69.jpeg) taken on 2021-11-24T12:01:06 at 48.208897,16.352408</description>
	<ExtendedData><SchemaData schemaUrl="#87e86746026560bba68eca80b62672f3">
		<SimpleData name="timestamp">2021/11/24 12:01:06</SimpleData>
		<SimpleData name="file">69.jpeg</SimpleData>
		<SimpleData name="picture">96ABBA10-0C20-46C2-9674-163233A9FB12</SimpleData>
	</SchemaData></ExtendedData>
      <Point><coordinates>16.352408,48.208897</coordinates></Point>
  </Placemark>
  <Placemark>
	<name>2021/11/24 12:01:11</name>
	<description>[Leftist Viennese Dude picture](https://LeftistVienneseDudes.info/dudes.html?datetime=2021-11-24T12:01:11&amp;file=70.jpeg) taken on 2021-11-24T12:01:11 at 48.208886,16.352444</description>
	<ExtendedData><SchemaData schemaUrl="#87e86746026560bba68eca80b62672f3">
		<SimpleData name="timestamp">2021/11/24 12:01:11</SimpleData>
		<SimpleData name="file">70.jpeg</SimpleData>
		<SimpleData name="picture">98ABAF88-B8D9-4687-92BC-7E328CB6B0D8</SimpleData>
	</SchemaData></ExtendedData>
      <Point><coordinates>16.352444,48.208886</coordinates></Point>
  </Placemark>
  <Placemark>
	<name>2021/11/24 12:10:24</name>
	<description>[Leftist Viennese Dude picture](https://LeftistVienneseDudes.info/dudes.html?datetime=2021-11-24T12:10:24&amp;file=71.jpeg) taken on 2021-11-24T12:10:24 at 48.214164,16.350972</description>
	<ExtendedData><SchemaData schemaUrl="#87e86746026560bba68eca80b62672f3">
		<SimpleData name="timestamp">2021/11/24 12:10:24</SimpleData>
		<SimpleData name="file">71.jpeg</SimpleData>
		<SimpleData name="picture">648F5275-8ECF-45A5-A0AA-CF602B8C015E</SimpleData>
	</SchemaData></ExtendedData>
      <Point><coordinates>16.350972,48.214164</coordinates></Point>
  </Placemark>
  <Placemark>
	<name>2021/12/18 12:17:23</name>
	<description>[Leftist Viennese Dude picture](https://LeftistVienneseDudes.info/dudes.html?datetime=2021-12-18T12:17:23&amp;file=72.jpeg) taken on 2021-12-18T12:17:23 at 48.207281,16.351167</description>
	<ExtendedData><SchemaData schemaUrl="#87e86746026560bba68eca80b62672f3">
		<SimpleData name="timestamp">2021/12/18 12:17:23</SimpleData>
		<SimpleData name="file">72.jpeg</SimpleData>
		<SimpleData name="picture">244AEA65-540A-44B6-8D35-5D84FB921BD5</SimpleData>
	</SchemaData></ExtendedData>
      <Point><coordinates>16.351167,48.207281</coordinates></Point>
  </Placemark>
  <Placemark>
	<name>2021/12/18 12:17:31</name>
	<description>[Leftist Viennese Dude picture](https://LeftistVienneseDudes.info/dudes.html?datetime=2021-12-18T12:17:31&amp;file=73.jpeg) taken on 2021-12-18T12:17:31 at 48.207267,16.351164</description>
	<ExtendedData><SchemaData schemaUrl="#87e86746026560bba68eca80b62672f3">
		<SimpleData name="timestamp">2021/12/18 12:17:31</SimpleData>
		<SimpleData name="file">73.jpeg</SimpleData>
		<SimpleData name="picture">4B041104-6032-4C19-982B-15B8DBCE656C</SimpleData>
	</SchemaData></ExtendedData>
      <Point><coordinates>16.351164,48.207267</coordinates></Point>
  </Placemark>
  <Placemark>
	<name>2021/12/18 12:26:49</name>
	<description>[Leftist Viennese Dude picture](https://LeftistVienneseDudes.info/dudes.html?datetime=2021-12-18T12:26:49&amp;file=74.jpeg) taken on 2021-12-18T12:26:49 at 48.206711,16.353067</description>
	<ExtendedData><SchemaData schemaUrl="#87e86746026560bba68eca80b62672f3">
		<SimpleData name="timestamp">2021/12/18 12:26:49</SimpleData>
		<SimpleData name="file">74.jpeg</SimpleData>
		<SimpleData name="picture">2D19B1EB-3641-41AA-BD28-B6D79841E6BA</SimpleData>
	</SchemaData></ExtendedData>
      <Point><coordinates>16.353067,48.206711</coordinates></Point>
  </Placemark>
  <Placemark>
	<name>2021/12/18 12:26:56</name>
	<description>[Leftist Viennese Dude picture](https://LeftistVienneseDudes.info/dudes.html?datetime=2021-12-18T12:26:56&amp;file=75.jpeg) taken on 2021-12-18T12:26:56 at 48.206628,16.353064</description>
	<ExtendedData><SchemaData schemaUrl="#87e86746026560bba68eca80b62672f3">
		<SimpleData name="timestamp">2021/12/18 12:26:56</SimpleData>
		<SimpleData name="file">75.jpeg</SimpleData>
		<SimpleData name="picture">4A265C98-538E-4D7A-B20F-E5CCF64C25A4</SimpleData>
	</SchemaData></ExtendedData>
      <Point><coordinates>16.353064,48.206628</coordinates></Point>
  </Placemark>
  <Placemark>
	<name>2021/12/18 12:28:13</name>
	<description>[Leftist Viennese Dude picture](https://LeftistVienneseDudes.info/dudes.html?datetime=2021-12-18T12:28:13&amp;file=76.jpeg) taken on 2021-12-18T12:28:13 at 48.205861,16.353117</description>
	<ExtendedData><SchemaData schemaUrl="#87e86746026560bba68eca80b62672f3">
		<SimpleData name="timestamp">2021/12/18 12:28:13</SimpleData>
		<SimpleData name="file">76.jpeg</SimpleData>
		<SimpleData name="picture">03EA501C-76E3-4F1D-897F-77FB13115F83</SimpleData>
	</SchemaData></ExtendedData>
      <Point><coordinates>16.353117,48.205861</coordinates></Point>
  </Placemark>
  <Placemark>
	<name>2021/12/18 12:28:18</name>
	<description>[Leftist Viennese Dude picture](https://LeftistVienneseDudes.info/dudes.html?datetime=2021-12-18T12:28:18&amp;file=77.jpeg) taken on 2021-12-18T12:28:18 at 48.205836,16.353119</description>
	<ExtendedData><SchemaData schemaUrl="#87e86746026560bba68eca80b62672f3">
		<SimpleData name="timestamp">2021/12/18 12:28:18</SimpleData>
		<SimpleData name="file">77.jpeg</SimpleData>
		<SimpleData name="picture">B1A802E3-3D80-47D1-942D-DA63E6B6D3A6</SimpleData>
	</SchemaData></ExtendedData>
      <Point><coordinates>16.353119,48.205836</coordinates></Point>
  </Placemark>
  <Placemark>
	<name>2021/12/26 14:10:59</name>
	<description>[Leftist Viennese Dude picture](https://LeftistVienneseDudes.info/dudes.html?datetime=2021-12-26T14:10:59&amp;file=78.jpeg) taken on 2021-12-26T14:10:59 at 48.201469,16.361636</description>
	<ExtendedData><SchemaData schemaUrl="#87e86746026560bba68eca80b62672f3">
		<SimpleData name="timestamp">2021/12/26 14:10:59</SimpleData>
		<SimpleData name="file">78.jpeg</SimpleData>
		<SimpleData name="picture">0711486F-13BC-44C5-8AF3-F210E40202AF</SimpleData>
	</SchemaData></ExtendedData>
      <Point><coordinates>16.361636,48.201469</coordinates></Point>
  </Placemark>
  <Placemark>
	<name>2021/12/26 14:11:01</name>
	<description>[Leftist Viennese Dude picture](https://LeftistVienneseDudes.info/dudes.html?datetime=2021-12-26T14:11:01&amp;file=79.jpeg) taken on 2021-12-26T14:11:01 at 48.201469,16.361636</description>
	<ExtendedData><SchemaData schemaUrl="#87e86746026560bba68eca80b62672f3">
		<SimpleData name="timestamp">2021/12/26 14:11:01</SimpleData>
		<SimpleData name="file">79.jpeg</SimpleData>
		<SimpleData name="picture">9EA7C7ED-1EDA-4EF7-BC5F-A4CCEFC49242</SimpleData>
	</SchemaData></ExtendedData>
      <Point><coordinates>16.361636,48.201469</coordinates></Point>
  </Placemark>
  <Placemark>
	<name>2021/12/27 11:35:25</name>
	<description>[Leftist Viennese Dude picture](https://LeftistVienneseDudes.info/dudes.html?datetime=2021-12-27T11:35:25&amp;file=80.jpeg) taken on 2021-12-27T11:35:25 at 48.196997,16.354683</description>
	<ExtendedData><SchemaData schemaUrl="#87e86746026560bba68eca80b62672f3">
		<SimpleData name="timestamp">2021/12/27 11:35:25</SimpleData>
		<SimpleData name="file">80.jpeg</SimpleData>
		<SimpleData name="picture">02652BD0-8184-42C5-9F98-704BCF44CDBD</SimpleData>
	</SchemaData></ExtendedData>
      <Point><coordinates>16.354683,48.196997</coordinates></Point>
  </Placemark>
  <Placemark>
	<name>2021/12/27 11:35:31</name>
	<description>[Leftist Viennese Dude picture](https://LeftistVienneseDudes.info/dudes.html?datetime=2021-12-27T11:35:31&amp;file=81.jpeg) taken on 2021-12-27T11:35:31 at 48.196997,16.354789</description>
	<ExtendedData><SchemaData schemaUrl="#87e86746026560bba68eca80b62672f3">
		<SimpleData name="timestamp">2021/12/27 11:35:31</SimpleData>
		<SimpleData name="file">81.jpeg</SimpleData>
		<SimpleData name="picture">CE67931B-7588-4905-8842-998CB3A0A5F8</SimpleData>
	</SchemaData></ExtendedData>
      <Point><coordinates>16.354789,48.196997</coordinates></Point>
  </Placemark>
  <Placemark>
	<name>2022/01/02 14:54:52</name>
	<description>[Leftist Viennese Dude picture](https://LeftistVienneseDudes.info/dudes.html?datetime=2022-01-02T14:54:52&amp;file=82.jpeg) taken on 2022-01-02T14:54:52 at 48.214172,16.359644</description>
	<ExtendedData><SchemaData schemaUrl="#87e86746026560bba68eca80b62672f3">
		<SimpleData name="timestamp">2022/01/02 14:54:52</SimpleData>
		<SimpleData name="file">82.jpeg</SimpleData>
		<SimpleData name="picture">A92576D5-06FC-4D15-BD50-470ED1E80FE8</SimpleData>
	</SchemaData></ExtendedData>
      <Point><coordinates>16.359644,48.214172</coordinates></Point>
  </Placemark>
  <Placemark>
	<name>2022/01/02 14:55:00</name>
	<description>[Leftist Viennese Dude picture](https://LeftistVienneseDudes.info/dudes.html?datetime=2022-01-02T14:55:00&amp;file=83.jpeg) taken on 2022-01-02T14:55:00 at 48.214089,16.359658</description>
	<ExtendedData><SchemaData schemaUrl="#87e86746026560bba68eca80b62672f3">
		<SimpleData name="timestamp">2022/01/02 14:55:00</SimpleData>
		<SimpleData name="file">83.jpeg</SimpleData>
		<SimpleData name="picture">6BC0A87A-063A-4D72-BC61-332AC485F5C4</SimpleData>
	</SchemaData></ExtendedData>
      <Point><coordinates>16.359658,48.214089</coordinates></Point>
  </Placemark>
  <Placemark>
	<name>2022/01/02 14:55:08</name>
	<description>[Leftist Viennese Dude picture](https://LeftistVienneseDudes.info/dudes.html?datetime=2022-01-02T14:55:08&amp;file=84.jpeg) taken on 2022-01-02T14:55:08 at 48.214081,16.359661</description>
	<ExtendedData><SchemaData schemaUrl="#87e86746026560bba68eca80b62672f3">
		<SimpleData name="timestamp">2022/01/02 14:55:08</SimpleData>
		<SimpleData name="file">84.jpeg</SimpleData>
		<SimpleData name="picture">FFC9C113-7455-4E52-84C6-0985B66DA300</SimpleData>
	</SchemaData></ExtendedData>
      <Point><coordinates>16.359661,48.214081</coordinates></Point>
  </Placemark>
  <Placemark>
	<name>2022/01/02 16:57:49</name>
	<description>[Leftist Viennese Dude picture](https://LeftistVienneseDudes.info/dudes.html?datetime=2022-01-02T16:57:49&amp;file=85.JPG) taken on 2022-01-02T16:57:49 at 48.2079,16.379186</description>
	<ExtendedData><SchemaData schemaUrl="#87e86746026560bba68eca80b62672f3">
		<SimpleData name="timestamp">2022/01/02 16:57:49</SimpleData>
		<SimpleData name="file">85.JPG</SimpleData>
		<SimpleData name="picture">64CD275F-22CF-46A0-954C-C5EA9FD44023</SimpleData>
	</SchemaData></ExtendedData>
      <Point><coordinates>16.379186,48.2079</coordinates></Point>
  </Placemark>
  <Placemark>
	<name>2022/01/03 14:03:14</name>
	<description>[Leftist Viennese Dude picture](https://LeftistVienneseDudes.info/dudes.html?datetime=2022-01-03T14:03:14&amp;file=86.jpeg) taken on 2022-01-03T14:03:14 at 48.212089,16.368744</description>
	<ExtendedData><SchemaData schemaUrl="#87e86746026560bba68eca80b62672f3">
		<SimpleData name="timestamp">2022/01/03 14:03:14</SimpleData>
		<SimpleData name="file">86.jpeg</SimpleData>
		<SimpleData name="picture">2AFEAF1D-2824-4AE5-9305-4637577E1600</SimpleData>
	</SchemaData></ExtendedData>
      <Point><coordinates>16.368744,48.212089</coordinates></Point>
  </Placemark>
  <Placemark>
	<name>2022/01/03 14:03:20</name>
	<description>[Leftist Viennese Dude picture](https://LeftistVienneseDudes.info/dudes.html?datetime=2022-01-03T14:03:20&amp;file=87.jpeg) taken on 2022-01-03T14:03:20 at 48.212053,16.368689</description>
	<ExtendedData><SchemaData schemaUrl="#87e86746026560bba68eca80b62672f3">
		<SimpleData name="timestamp">2022/01/03 14:03:20</SimpleData>
		<SimpleData name="file">87.jpeg</SimpleData>
		<SimpleData name="picture">97675F58-3560-46A3-B964-2939FFACCC77</SimpleData>
	</SchemaData></ExtendedData>
      <Point><coordinates>16.368689,48.212053</coordinates></Point>
  </Placemark>
  <Placemark>
	<name>2022/01/03 14:03:47</name>
	<description>[Leftist Viennese Dude picture](https://LeftistVienneseDudes.info/dudes.html?datetime=2022-01-03T14:03:47&amp;file=88.jpeg) taken on 2022-01-03T14:03:47 at 48.211781,16.368442</description>
	<ExtendedData><SchemaData schemaUrl="#87e86746026560bba68eca80b62672f3">
		<SimpleData name="timestamp">2022/01/03 14:03:47</SimpleData>
		<SimpleData name="file">88.jpeg</SimpleData>
		<SimpleData name="picture">15EE3C45-8665-4E4B-8A59-CF511BB25E42</SimpleData>
	</SchemaData></ExtendedData>
      <Point><coordinates>16.368442,48.211781</coordinates></Point>
  </Placemark>
  <Placemark>
	<name>2022/01/03 14:03:57</name>
	<description>[Leftist Viennese Dude picture](https://LeftistVienneseDudes.info/dudes.html?datetime=2022-01-03T14:03:57&amp;file=89.jpeg) taken on 2022-01-03T14:03:57 at 48.2119,16.368575</description>
	<ExtendedData><SchemaData schemaUrl="#87e86746026560bba68eca80b62672f3">
		<SimpleData name="timestamp">2022/01/03 14:03:57</SimpleData>
		<SimpleData name="file">89.jpeg</SimpleData>
		<SimpleData name="picture">0018CEF9-FA2C-412D-B68A-1A50CBC44AB5</SimpleData>
	</SchemaData></ExtendedData>
      <Point><coordinates>16.368575,48.2119</coordinates></Point>
  </Placemark>
  <Placemark>
	<name>2022/01/12 14:48:58</name>
	<description>[Leftist Viennese Dude picture](https://LeftistVienneseDudes.info/dudes.html?datetime=2022-01-12T14:48:58&amp;file=90.jpeg) taken on 2022-01-12T14:48:58 at 48.196286,16.365031</description>
	<ExtendedData><SchemaData schemaUrl="#87e86746026560bba68eca80b62672f3">
		<SimpleData name="timestamp">2022/01/12 14:48:58</SimpleData>
		<SimpleData name="file">90.jpeg</SimpleData>
		<SimpleData name="picture">4FD959D1-E2DC-4555-BEC7-3FCCD86D7A83</SimpleData>
	</SchemaData></ExtendedData>
      <Point><coordinates>16.365031,48.196286</coordinates></Point>
  </Placemark>
  <Placemark>
	<name>2022/01/12 14:49:11</name>
	<description>[Leftist Viennese Dude picture](https://LeftistVienneseDudes.info/dudes.html?datetime=2022-01-12T14:49:11&amp;file=91.jpeg) taken on 2022-01-12T14:49:11 at 48.196369,16.365086</description>
	<ExtendedData><SchemaData schemaUrl="#87e86746026560bba68eca80b62672f3">
		<SimpleData name="timestamp">2022/01/12 14:49:11</SimpleData>
		<SimpleData name="file">91.jpeg</SimpleData>
		<SimpleData name="picture">3832BC00-E33C-4232-BFBE-A91E0CDA7015</SimpleData>
	</SchemaData></ExtendedData>
      <Point><coordinates>16.365086,48.196369</coordinates></Point>
  </Placemark>
  <Placemark>
	<name>2022/01/15 14:48:18</name>
	<description>[Leftist Viennese Dude picture](https://LeftistVienneseDudes.info/dudes.html?datetime=2022-01-15T14:48:18&amp;file=92.jpeg) taken on 2022-01-15T14:48:18 at 48.196617,16.348144</description>
	<ExtendedData><SchemaData schemaUrl="#87e86746026560bba68eca80b62672f3">
		<SimpleData name="timestamp">2022/01/15 14:48:18</SimpleData>
		<SimpleData name="file">92.jpeg</SimpleData>
		<SimpleData name="picture">E1B742B2-02DD-492C-9A92-2EE5A3868E8A</SimpleData>
	</SchemaData></ExtendedData>
      <Point><coordinates>16.348144,48.196617</coordinates></Point>
  </Placemark>
  <Placemark>
	<name>2022/01/15 14:48:24</name>
	<description>[Leftist Viennese Dude picture](https://LeftistVienneseDudes.info/dudes.html?datetime=2022-01-15T14:48:24&amp;file=93.jpeg) taken on 2022-01-15T14:48:24 at 48.196617,16.348144</description>
	<ExtendedData><SchemaData schemaUrl="#87e86746026560bba68eca80b62672f3">
		<SimpleData name="timestamp">2022/01/15 14:48:24</SimpleData>
		<SimpleData name="file">93.jpeg</SimpleData>
		<SimpleData name="picture">1335087B-17A8-4D40-8A1B-E42C9F591EDB</SimpleData>
	</SchemaData></ExtendedData>
      <Point><coordinates>16.348144,48.196617</coordinates></Point>
  </Placemark>
  <Placemark>
	<name>2022/01/15 14:48:32</name>
	<description>[Leftist Viennese Dude picture](https://LeftistVienneseDudes.info/dudes.html?datetime=2022-01-15T14:48:32&amp;file=94.jpeg) taken on 2022-01-15T14:48:32 at 48.196617,16.348136</description>
	<ExtendedData><SchemaData schemaUrl="#87e86746026560bba68eca80b62672f3">
		<SimpleData name="timestamp">2022/01/15 14:48:32</SimpleData>
		<SimpleData name="file">94.jpeg</SimpleData>
		<SimpleData name="picture">B9809E61-95B3-4952-8BFD-13160CDE0B18</SimpleData>
	</SchemaData></ExtendedData>
      <Point><coordinates>16.348136,48.196617</coordinates></Point>
  </Placemark>
  <Placemark>
	<name>2022/01/21 13:46:01</name>
	<description>[Leftist Viennese Dude picture](https://LeftistVienneseDudes.info/dudes.html?datetime=2022-01-21T13:46:01&amp;file=95.jpeg) taken on 2022-01-21T13:46:01 at 48.197894,16.396647</description>
	<ExtendedData><SchemaData schemaUrl="#87e86746026560bba68eca80b62672f3">
		<SimpleData name="timestamp">2022/01/21 13:46:01</SimpleData>
		<SimpleData name="file">95.jpeg</SimpleData>
		<SimpleData name="picture">0B540999-23F4-4C7D-9586-09F1DCEE1AF3</SimpleData>
	</SchemaData></ExtendedData>
      <Point><coordinates>16.396647,48.197894</coordinates></Point>
  </Placemark>
  <Placemark>
	<name>2022/01/21 13:46:05</name>
	<description>[Leftist Viennese Dude picture](https://LeftistVienneseDudes.info/dudes.html?datetime=2022-01-21T13:46:05&amp;file=96.jpeg) taken on 2022-01-21T13:46:05 at 48.197922,16.396736</description>
	<ExtendedData><SchemaData schemaUrl="#87e86746026560bba68eca80b62672f3">
		<SimpleData name="timestamp">2022/01/21 13:46:05</SimpleData>
		<SimpleData name="file">96.jpeg</SimpleData>
		<SimpleData name="picture">79774249-F0DE-4CEE-88C6-6E54D3C0B56A</SimpleData>
	</SchemaData></ExtendedData>
      <Point><coordinates>16.396736,48.197922</coordinates></Point>
  </Placemark>
  <Placemark>
	<name>2022/02/13 14:17:39</name>
	<description>[Leftist Viennese Dude picture](https://LeftistVienneseDudes.info/dudes.html?datetime=2022-02-13T14:17:39&amp;file=97.jpeg) taken on 2022-02-13T14:17:39 at 48.217389,16.345747</description>
	<ExtendedData><SchemaData schemaUrl="#87e86746026560bba68eca80b62672f3">
		<SimpleData name="timestamp">2022/02/13 14:17:39</SimpleData>
		<SimpleData name="file">97.jpeg</SimpleData>
		<SimpleData name="picture">AEE4257B-9931-48E1-BFCB-A60541E9B4DE</SimpleData>
	</SchemaData></ExtendedData>
      <Point><coordinates>16.345747,48.217389</coordinates></Point>
  </Placemark>
  <Placemark>
	<name>2022/02/13 14:17:48</name>
	<description>[Leftist Viennese Dude picture](https://LeftistVienneseDudes.info/dudes.html?datetime=2022-02-13T14:17:48&amp;file=98.jpeg) taken on 2022-02-13T14:17:48 at 48.217369,16.345556</description>
	<ExtendedData><SchemaData schemaUrl="#87e86746026560bba68eca80b62672f3">
		<SimpleData name="timestamp">2022/02/13 14:17:48</SimpleData>
		<SimpleData name="file">98.jpeg</SimpleData>
		<SimpleData name="picture">27794D5F-DEE8-40F2-9716-252FCCB214D2</SimpleData>
	</SchemaData></ExtendedData>
      <Point><coordinates>16.345556,48.217369</coordinates></Point>
  </Placemark>
  <Placemark>
	<name>2022/02/13 14:20:15</name>
	<description>[Leftist Viennese Dude picture](https://LeftistVienneseDudes.info/dudes.html?datetime=2022-02-13T14:20:15&amp;file=99.jpeg) taken on 2022-02-13T14:20:15 at 48.217639,16.348019</description>
	<ExtendedData><SchemaData schemaUrl="#87e86746026560bba68eca80b62672f3">
		<SimpleData name="timestamp">2022/02/13 14:20:15</SimpleData>
		<SimpleData name="file">99.jpeg</SimpleData>
		<SimpleData name="picture">EE2D9709-82AE-4CE3-8AA6-5A61F6FF9ABD</SimpleData>
	</SchemaData></ExtendedData>
      <Point><coordinates>16.348019,48.217639</coordinates></Point>
  </Placemark>
  <Placemark>
	<name>2022/02/13 14:20:20</name>
	<description>[Leftist Viennese Dude picture](https://LeftistVienneseDudes.info/dudes.html?datetime=2022-02-13T14:20:20&amp;file=100.jpeg) taken on 2022-02-13T14:20:20 at 48.217544,16.347986</description>
	<ExtendedData><SchemaData schemaUrl="#87e86746026560bba68eca80b62672f3">
		<SimpleData name="timestamp">2022/02/13 14:20:20</SimpleData>
		<SimpleData name="file">100.jpeg</SimpleData>
		<SimpleData name="picture">013C50E4-52E9-4BF3-87BC-74C6FFF013B6</SimpleData>
	</SchemaData></ExtendedData>
      <Point><coordinates>16.347986,48.217544</coordinates></Point>
  </Placemark>
  <Placemark>
	<name>2022/02/13 14:20:29</name>
	<description>[Leftist Viennese Dude picture](https://LeftistVienneseDudes.info/dudes.html?datetime=2022-02-13T14:20:29&amp;file=101.jpeg) taken on 2022-02-13T14:20:29 at 48.217531,16.348011</description>
	<ExtendedData><SchemaData schemaUrl="#87e86746026560bba68eca80b62672f3">
		<SimpleData name="timestamp">2022/02/13 14:20:29</SimpleData>
		<SimpleData name="file">101.jpeg</SimpleData>
		<SimpleData name="picture">51B45382-9F65-43DA-A5E2-10D18453941C</SimpleData>
	</SchemaData></ExtendedData>
      <Point><coordinates>16.348011,48.217531</coordinates></Point>
  </Placemark>
  <Placemark>
	<name>2022/02/13 14:23:25</name>
	<description>[Leftist Viennese Dude picture](https://LeftistVienneseDudes.info/dudes.html?datetime=2022-02-13T14:23:25&amp;file=102.jpeg) taken on 2022-02-13T14:23:25 at 48.218175,16.350542</description>
	<ExtendedData><SchemaData schemaUrl="#87e86746026560bba68eca80b62672f3">
		<SimpleData name="timestamp">2022/02/13 14:23:25</SimpleData>
		<SimpleData name="file">102.jpeg</SimpleData>
		<SimpleData name="picture">3D4D2F54-E4E4-4587-A6BA-E8614DCC9220</SimpleData>
	</SchemaData></ExtendedData>
      <Point><coordinates>16.350542,48.218175</coordinates></Point>
  </Placemark>
  <Placemark>
	<name>2022/02/13 14:23:33</name>
	<description>[Leftist Viennese Dude picture](https://LeftistVienneseDudes.info/dudes.html?datetime=2022-02-13T14:23:33&amp;file=103.jpeg) taken on 2022-02-13T14:23:33 at 48.218211,16.350606</description>
	<ExtendedData><SchemaData schemaUrl="#87e86746026560bba68eca80b62672f3">
		<SimpleData name="timestamp">2022/02/13 14:23:33</SimpleData>
		<SimpleData name="file">103.jpeg</SimpleData>
		<SimpleData name="picture">5EAC7CF9-AA8C-475F-B1B3-CE46DE491F8F</SimpleData>
	</SchemaData></ExtendedData>
      <Point><coordinates>16.350606,48.218211</coordinates></Point>
  </Placemark>
  <Placemark>
	<name>2022/02/13 14:23:41</name>
	<description>[Leftist Viennese Dude picture](https://LeftistVienneseDudes.info/dudes.html?datetime=2022-02-13T14:23:41&amp;file=104.jpeg) taken on 2022-02-13T14:23:41 at 48.218211,16.350608</description>
	<ExtendedData><SchemaData schemaUrl="#87e86746026560bba68eca80b62672f3">
		<SimpleData name="timestamp">2022/02/13 14:23:41</SimpleData>
		<SimpleData name="file">104.jpeg</SimpleData>
		<SimpleData name="picture">E17DE690-9F9A-423B-A3AE-C1A33D7EC06A</SimpleData>
	</SchemaData></ExtendedData>
      <Point><coordinates>16.350608,48.218211</coordinates></Point>
  </Placemark>
  <Placemark>
	<name>2022/02/13 14:24:15</name>
	<description>[Leftist Viennese Dude picture](https://LeftistVienneseDudes.info/dudes.html?datetime=2022-02-13T14:24:15&amp;file=105.jpeg) taken on 2022-02-13T14:24:15 at 48.218503,16.351114</description>
	<ExtendedData><SchemaData schemaUrl="#87e86746026560bba68eca80b62672f3">
		<SimpleData name="timestamp">2022/02/13 14:24:15</SimpleData>
		<SimpleData name="file">105.jpeg</SimpleData>
		<SimpleData name="picture">0F692CB3-1EC9-4CE2-898A-A3892F707EE5</SimpleData>
	</SchemaData></ExtendedData>
      <Point><coordinates>16.351114,48.218503</coordinates></Point>
  </Placemark>
  <Placemark>
	<name>2022/02/13 14:24:23</name>
	<description>[Leftist Viennese Dude picture](https://LeftistVienneseDudes.info/dudes.html?datetime=2022-02-13T14:24:23&amp;file=106.jpeg) taken on 2022-02-13T14:24:23 at 48.218539,16.350875</description>
	<ExtendedData><SchemaData schemaUrl="#87e86746026560bba68eca80b62672f3">
		<SimpleData name="timestamp">2022/02/13 14:24:23</SimpleData>
		<SimpleData name="file">106.jpeg</SimpleData>
		<SimpleData name="picture">2FF22AD4-9D08-4B08-AC98-247277DCB14C</SimpleData>
	</SchemaData></ExtendedData>
      <Point><coordinates>16.350875,48.218539</coordinates></Point>
  </Placemark>
  <Placemark>
	<name>2022/02/23 13:42:32</name>
	<description>[Leftist Viennese Dude picture](https://LeftistVienneseDudes.info/dudes.html?datetime=2022-02-23T13:42:32&amp;file=108.jpeg) taken on 2022-02-23T13:42:32 at 48.192558,16.342653</description>
	<ExtendedData><SchemaData schemaUrl="#87e86746026560bba68eca80b62672f3">
		<SimpleData name="timestamp">2022/02/23 13:42:32</SimpleData>
		<SimpleData name="file">108.jpeg</SimpleData>
		<SimpleData name="picture">0FFD2DE5-539F-44F9-85ED-98C9FA46AA8C</SimpleData>
	</SchemaData></ExtendedData>
      <Point><coordinates>16.342653,48.192558</coordinates></Point>
  </Placemark>
  <Placemark>
	<name>2022/02/23 13:42:40</name>
	<description>[Leftist Viennese Dude picture](https://LeftistVienneseDudes.info/dudes.html?datetime=2022-02-23T13:42:40&amp;file=109.jpeg) taken on 2022-02-23T13:42:40 at 48.192478,16.342675</description>
	<ExtendedData><SchemaData schemaUrl="#87e86746026560bba68eca80b62672f3">
		<SimpleData name="timestamp">2022/02/23 13:42:40</SimpleData>
		<SimpleData name="file">109.jpeg</SimpleData>
		<SimpleData name="picture">3ED44A49-FFEC-4871-A1FB-271F7017B7FA</SimpleData>
	</SchemaData></ExtendedData>
      <Point><coordinates>16.342675,48.192478</coordinates></Point>
  </Placemark>
  <Placemark>
	<name>2022/02/25 18:15:07</name>
	<description>[Leftist Viennese Dude picture](https://LeftistVienneseDudes.info/dudes.html?datetime=2022-02-25T18:15:07&amp;file=110.jpeg) taken on 2022-02-25T18:15:07 at 48.209914,16.348825</description>
	<ExtendedData><SchemaData schemaUrl="#87e86746026560bba68eca80b62672f3">
		<SimpleData name="timestamp">2022/02/25 18:15:07</SimpleData>
		<SimpleData name="file">110.jpeg</SimpleData>
		<SimpleData name="picture">E7E57177-8B5D-4644-A953-36C6E9275075</SimpleData>
	</SchemaData></ExtendedData>
      <Point><coordinates>16.348825,48.209914</coordinates></Point>
  </Placemark>
  <Placemark>
	<name>2022/02/25 18:15:13</name>
	<description>[Leftist Viennese Dude picture](https://LeftistVienneseDudes.info/dudes.html?datetime=2022-02-25T18:15:13&amp;file=111.jpeg) taken on 2022-02-25T18:15:13 at 48.210083,16.348853</description>
	<ExtendedData><SchemaData schemaUrl="#87e86746026560bba68eca80b62672f3">
		<SimpleData name="timestamp">2022/02/25 18:15:13</SimpleData>
		<SimpleData name="file">111.jpeg</SimpleData>
		<SimpleData name="picture">5336A02F-522A-442B-8A2A-BBA1C0727D6B</SimpleData>
	</SchemaData></ExtendedData>
      <Point><coordinates>16.348853,48.210083</coordinates></Point>
  </Placemark>
  <Placemark>
	<name>2022/02/25 22:39:42</name>
	<description>[Leftist Viennese Dude picture](https://LeftistVienneseDudes.info/dudes.html?datetime=2022-02-25T22:39:42&amp;file=112.jpeg) taken on 2022-02-25T22:39:42 at 48.21165,16.348669</description>
	<ExtendedData><SchemaData schemaUrl="#87e86746026560bba68eca80b62672f3">
		<SimpleData name="timestamp">2022/02/25 22:39:42</SimpleData>
		<SimpleData name="file">112.jpeg</SimpleData>
		<SimpleData name="picture">4AD2E941-373F-4B85-AC82-9CCF63021731</SimpleData>
	</SchemaData></ExtendedData>
      <Point><coordinates>16.348669,48.21165</coordinates></Point>
  </Placemark>
  <Placemark>
	<name>2022/02/25 22:39:45</name>
	<description>[Leftist Viennese Dude picture](https://LeftistVienneseDudes.info/dudes.html?datetime=2022-02-25T22:39:45&amp;file=113.jpeg) taken on 2022-02-25T22:39:45 at 48.211556,16.348653</description>
	<ExtendedData><SchemaData schemaUrl="#87e86746026560bba68eca80b62672f3">
		<SimpleData name="timestamp">2022/02/25 22:39:45</SimpleData>
		<SimpleData name="file">113.jpeg</SimpleData>
		<SimpleData name="picture">FFD63089-FF5E-4CCD-85C6-AE627025F470</SimpleData>
	</SchemaData></ExtendedData>
      <Point><coordinates>16.348653,48.211556</coordinates></Point>
  </Placemark>
  <Placemark>
	<name>2022/06/26 12:46:46</name>
	<description>[Leftist Viennese Dude picture](https://LeftistVienneseDudes.info/dudes.html?datetime=2022-06-26T12:46:46&amp;file=114.jpeg) taken on 2022-06-26T12:46:46 at 48.193436,16.345067</description>
	<ExtendedData><SchemaData schemaUrl="#87e86746026560bba68eca80b62672f3">
		<SimpleData name="timestamp">2022/06/26 12:46:46</SimpleData>
		<SimpleData name="file">114.jpeg</SimpleData>
		<SimpleData name="picture">2F349E8C-7EEE-43E9-9D2A-A9A91996AFA5</SimpleData>
	</SchemaData></ExtendedData>
      <Point><coordinates>16.345067,48.193436</coordinates></Point>
  </Placemark>
  <Placemark>
	<name>2022/11/20 13:00:29</name>
	<description>[Leftist Viennese Dude picture](https://LeftistVienneseDudes.info/dudes.html?datetime=2022-11-20T13:00:29&amp;file=115.jpeg) taken on 2022-11-20T13:00:29 at 48.209603,16.375247</description>
	<ExtendedData><SchemaData schemaUrl="#87e86746026560bba68eca80b62672f3">
		<SimpleData name="timestamp">2022/11/20 13:00:29</SimpleData>
		<SimpleData name="file">115.jpeg</SimpleData>
		<SimpleData name="picture">AF4B7855-9328-41FB-968F-19F710B3CCFB</SimpleData>
	</SchemaData></ExtendedData>
      <Point><coordinates>16.375247,48.209603</coordinates></Point>
  </Placemark>
  <Placemark>
	<name>2022/11/20 13:00:32</name>
	<description>[Leftist Viennese Dude picture](https://LeftistVienneseDudes.info/dudes.html?datetime=2022-11-20T13:00:32&amp;file=116.jpeg) taken on 2022-11-20T13:00:32 at 48.209597,16.375253</description>
	<ExtendedData><SchemaData schemaUrl="#87e86746026560bba68eca80b62672f3">
		<SimpleData name="timestamp">2022/11/20 13:00:32</SimpleData>
		<SimpleData name="file">116.jpeg</SimpleData>
		<SimpleData name="picture">D01C3980-C88E-4C6D-93BD-76B3AEA66C37</SimpleData>
	</SchemaData></ExtendedData>
      <Point><coordinates>16.375253,48.209597</coordinates></Point>
  </Placemark>
  <Placemark>
	<name>2022/12/01 10:07:31</name>
	<description>[Leftist Viennese Dude picture](https://LeftistVienneseDudes.info/dudes.html?datetime=2022-12-01T10:07:31&amp;file=117.jpeg) taken on 2022-12-01T10:07:31 at 48.214717,16.349358</description>
	<ExtendedData><SchemaData schemaUrl="#87e86746026560bba68eca80b62672f3">
		<SimpleData name="timestamp">2022/12/01 10:07:31</SimpleData>
		<SimpleData name="file">117.jpeg</SimpleData>
		<SimpleData name="picture">DB9C5C68-DCB9-4579-A5F1-6237A7006137</SimpleData>
	</SchemaData></ExtendedData>
      <Point><coordinates>16.349358,48.214717</coordinates></Point>
  </Placemark>
  <Placemark>
	<name>2022/12/01 10:07:42</name>
	<description>[Leftist Viennese Dude picture](https://LeftistVienneseDudes.info/dudes.html?datetime=2022-12-01T10:07:42&amp;file=118.jpeg) taken on 2022-12-01T10:07:42 at 48.214686,16.349286</description>
	<ExtendedData><SchemaData schemaUrl="#87e86746026560bba68eca80b62672f3">
		<SimpleData name="timestamp">2022/12/01 10:07:42</SimpleData>
		<SimpleData name="file">118.jpeg</SimpleData>
		<SimpleData name="picture">CB4C09CC-1D01-4570-9E88-BC527FBA6A54</SimpleData>
	</SchemaData></ExtendedData>
      <Point><coordinates>16.349286,48.214686</coordinates></Point>
  </Placemark>
  <Placemark>
	<name>2022/12/01 10:43:48</name>
	<description>[Leftist Viennese Dude picture](https://LeftistVienneseDudes.info/dudes.html?datetime=2022-12-01T10:43:48&amp;file=119.jpeg) taken on 2022-12-01T10:43:48 at 48.217469,16.348008</description>
	<ExtendedData><SchemaData schemaUrl="#87e86746026560bba68eca80b62672f3">
		<SimpleData name="timestamp">2022/12/01 10:43:48</SimpleData>
		<SimpleData name="file">119.jpeg</SimpleData>
		<SimpleData name="picture">279FE8AC-F8E3-479B-A87D-7DC4928FD8C2</SimpleData>
	</SchemaData></ExtendedData>
      <Point><coordinates>16.348008,48.217469</coordinates></Point>
  </Placemark>
  <Placemark>
	<name>2022/12/01 10:43:54</name>
	<description>[Leftist Viennese Dude picture](https://LeftistVienneseDudes.info/dudes.html?datetime=2022-12-01T10:43:54&amp;file=120.jpeg) taken on 2022-12-01T10:43:54 at 48.217431,16.348022</description>
	<ExtendedData><SchemaData schemaUrl="#87e86746026560bba68eca80b62672f3">
		<SimpleData name="timestamp">2022/12/01 10:43:54</SimpleData>
		<SimpleData name="file">120.jpeg</SimpleData>
		<SimpleData name="picture">1AF1455D-B17C-4CA2-BF02-675A92FE729D</SimpleData>
	</SchemaData></ExtendedData>
      <Point><coordinates>16.348022,48.217431</coordinates></Point>
  </Placemark>
  <Placemark>
	<name>2022/12/01 10:44:04</name>
	<description>[Leftist Viennese Dude picture](https://LeftistVienneseDudes.info/dudes.html?datetime=2022-12-01T10:44:04&amp;file=121.jpeg) taken on 2022-12-01T10:44:04 at 48.217372,16.347958</description>
	<ExtendedData><SchemaData schemaUrl="#87e86746026560bba68eca80b62672f3">
		<SimpleData name="timestamp">2022/12/01 10:44:04</SimpleData>
		<SimpleData name="file">121.jpeg</SimpleData>
		<SimpleData name="picture">CC3566B8-49F7-4E06-9FE6-D21D85492932</SimpleData>
	</SchemaData></ExtendedData>
      <Point><coordinates>16.347958,48.217372</coordinates></Point>
  </Placemark>
  <Placemark>
	<name>2022/12/01 10:45:31</name>
	<description>[Leftist Viennese Dude picture](https://LeftistVienneseDudes.info/dudes.html?datetime=2022-12-01T10:45:31&amp;file=122.jpeg) taken on 2022-12-01T10:45:31 at 48.217664,16.348817</description>
	<ExtendedData><SchemaData schemaUrl="#87e86746026560bba68eca80b62672f3">
		<SimpleData name="timestamp">2022/12/01 10:45:31</SimpleData>
		<SimpleData name="file">122.jpeg</SimpleData>
		<SimpleData name="picture">95EA7D77-387A-4866-8BEB-68A66AEE6A0A</SimpleData>
	</SchemaData></ExtendedData>
      <Point><coordinates>16.348817,48.217664</coordinates></Point>
  </Placemark>
  <Placemark>
	<name>2022/12/01 10:45:37</name>
	<description>[Leftist Viennese Dude picture](https://LeftistVienneseDudes.info/dudes.html?datetime=2022-12-01T10:45:37&amp;file=123.jpeg) taken on 2022-12-01T10:45:37 at 48.217792,16.348975</description>
	<ExtendedData><SchemaData schemaUrl="#87e86746026560bba68eca80b62672f3">
		<SimpleData name="timestamp">2022/12/01 10:45:37</SimpleData>
		<SimpleData name="file">123.jpeg</SimpleData>
		<SimpleData name="picture">D271FF39-1589-4BE8-BE52-EC1AD88B0F19</SimpleData>
	</SchemaData></ExtendedData>
      <Point><coordinates>16.348975,48.217792</coordinates></Point>
  </Placemark>
  <Placemark>
	<name>2022/12/01 10:47:43</name>
	<description>[Leftist Viennese Dude picture](https://LeftistVienneseDudes.info/dudes.html?datetime=2022-12-01T10:47:43&amp;file=124.jpeg) taken on 2022-12-01T10:47:43 at 48.218219,16.350661</description>
	<ExtendedData><SchemaData schemaUrl="#87e86746026560bba68eca80b62672f3">
		<SimpleData name="timestamp">2022/12/01 10:47:43</SimpleData>
		<SimpleData name="file">124.jpeg</SimpleData>
		<SimpleData name="picture">6B4B2844-6F11-4613-88C2-818D72B8E9A7</SimpleData>
	</SchemaData></ExtendedData>
      <Point><coordinates>16.350661,48.218219</coordinates></Point>
  </Placemark>
  <Placemark>
	<name>2022/12/01 10:47:48</name>
	<description>[Leftist Viennese Dude picture](https://LeftistVienneseDudes.info/dudes.html?datetime=2022-12-01T10:47:48&amp;file=125.jpeg) taken on 2022-12-01T10:47:48 at 48.218208,16.350647</description>
	<ExtendedData><SchemaData schemaUrl="#87e86746026560bba68eca80b62672f3">
		<SimpleData name="timestamp">2022/12/01 10:47:48</SimpleData>
		<SimpleData name="file">125.jpeg</SimpleData>
		<SimpleData name="picture">16502DFE-24E1-44DD-94EC-CD23662EA872</SimpleData>
	</SchemaData></ExtendedData>
      <Point><coordinates>16.350647,48.218208</coordinates></Point>
  </Placemark>
  <Placemark>
	<name>2022/12/01 11:05:05</name>
	<description>[Leftist Viennese Dude picture](https://LeftistVienneseDudes.info/dudes.html?datetime=2022-12-01T11:05:05&amp;file=126.jpeg) taken on 2022-12-01T11:05:05 at 48.21745,16.346664</description>
	<ExtendedData><SchemaData schemaUrl="#87e86746026560bba68eca80b62672f3">
		<SimpleData name="timestamp">2022/12/01 11:05:05</SimpleData>
		<SimpleData name="file">126.jpeg</SimpleData>
		<SimpleData name="picture">19F7E114-DDC7-49D5-8965-E427EA44068A</SimpleData>
	</SchemaData></ExtendedData>
      <Point><coordinates>16.346664,48.21745</coordinates></Point>
  </Placemark>
  <Placemark>
	<name>2022/12/01 11:05:12</name>
	<description>[Leftist Viennese Dude picture](https://LeftistVienneseDudes.info/dudes.html?datetime=2022-12-01T11:05:12&amp;file=127.jpeg) taken on 2022-12-01T11:05:12 at 48.21745,16.346931</description>
	<ExtendedData><SchemaData schemaUrl="#87e86746026560bba68eca80b62672f3">
		<SimpleData name="timestamp">2022/12/01 11:05:12</SimpleData>
		<SimpleData name="file">127.jpeg</SimpleData>
		<SimpleData name="picture">D03D79F8-C2EB-4B56-9797-08179C8BD85C</SimpleData>
	</SchemaData></ExtendedData>
      <Point><coordinates>16.346931,48.21745</coordinates></Point>
  </Placemark>
  <Placemark>
	<name>2022/12/01 11:05:23</name>
	<description>[Leftist Viennese Dude picture](https://LeftistVienneseDudes.info/dudes.html?datetime=2022-12-01T11:05:23&amp;file=128.jpeg) taken on 2022-12-01T11:05:23 at 48.217503,16.34665</description>
	<ExtendedData><SchemaData schemaUrl="#87e86746026560bba68eca80b62672f3">
		<SimpleData name="timestamp">2022/12/01 11:05:23</SimpleData>
		<SimpleData name="file">128.jpeg</SimpleData>
		<SimpleData name="picture">BB787880-3A31-4046-8216-11260D5CB067</SimpleData>
	</SchemaData></ExtendedData>
      <Point><coordinates>16.34665,48.217503</coordinates></Point>
  </Placemark>
  <Placemark>
	<name>2023/02/08 14:29:48</name>
	<description>[Leftist Viennese Dude picture](https://LeftistVienneseDudes.info/dudes.html?datetime=2023-02-08T14:29:48&amp;file=129.jpeg) taken on 2023-02-08T14:29:48 at 48.2071,16.352833</description>
	<ExtendedData><SchemaData schemaUrl="#87e86746026560bba68eca80b62672f3">
		<SimpleData name="timestamp">2023/02/08 14:29:48</SimpleData>
		<SimpleData name="file">129.jpeg</SimpleData>
		<SimpleData name="picture">B21301F1-C629-416D-ADA7-5B7E0847EA9E</SimpleData>
	</SchemaData></ExtendedData>
      <Point><coordinates>16.352833,48.2071</coordinates></Point>
  </Placemark>
  <Placemark>
	<name>2023/03/11 13:00:37</name>
	<description>[Leftist Viennese Dude picture](https://LeftistVienneseDudes.info/dudes.html?datetime=2023-03-11T13:00:37&amp;file=130.jpeg) taken on 2023-03-11T13:00:37 at 48.19395,16.346683</description>
	<ExtendedData><SchemaData schemaUrl="#87e86746026560bba68eca80b62672f3">
		<SimpleData name="timestamp">2023/03/11 13:00:37</SimpleData>
		<SimpleData name="file">130.jpeg</SimpleData>
		<SimpleData name="picture">1E2C3D7F-5CA1-4CC2-9B0A-FC58945A9D7C</SimpleData>
	</SchemaData></ExtendedData>
      <Point><coordinates>16.346683,48.19395</coordinates></Point>
  </Placemark>
  <Placemark>
	<name>2023/03/11 13:00:37</name>
	<description>[Leftist Viennese Dude picture](https://LeftistVienneseDudes.info/dudes.html?datetime=2023-03-11T13:00:37&amp;file=131.jpeg) taken on 2023-03-11T13:00:37 at 48.19395,16.346683</description>
	<ExtendedData><SchemaData schemaUrl="#87e86746026560bba68eca80b62672f3">
		<SimpleData name="timestamp">2023/03/11 13:00:37</SimpleData>
		<SimpleData name="file">131.jpeg</SimpleData>
		<SimpleData name="picture">1E2C3D7F-5CA1-4CC2-9B0A-FC58945A9D7C</SimpleData>
	</SchemaData></ExtendedData>
      <Point><coordinates>16.346683,48.19395</coordinates></Point>
  </Placemark>
  <Placemark>
	<name>2023/03/11 13:00:50</name>
	<description>[Leftist Viennese Dude picture](https://LeftistVienneseDudes.info/dudes.html?datetime=2023-03-11T13:00:50&amp;file=132.jpeg) taken on 2023-03-11T13:00:50 at 48.193969,16.346931</description>
	<ExtendedData><SchemaData schemaUrl="#87e86746026560bba68eca80b62672f3">
		<SimpleData name="timestamp">2023/03/11 13:00:50</SimpleData>
		<SimpleData name="file">132.jpeg</SimpleData>
		<SimpleData name="picture">44959D3C-AE05-41A0-8ABF-BD00BF7D68E6</SimpleData>
	</SchemaData></ExtendedData>
      <Point><coordinates>16.346931,48.193969</coordinates></Point>
  </Placemark>
  <Placemark>
	<name>2023/03/11 13:00:50</name>
	<description>[Leftist Viennese Dude picture](https://LeftistVienneseDudes.info/dudes.html?datetime=2023-03-11T13:00:50&amp;file=133.jpeg) taken on 2023-03-11T13:00:50 at 48.193969,16.346931</description>
	<ExtendedData><SchemaData schemaUrl="#87e86746026560bba68eca80b62672f3">
		<SimpleData name="timestamp">2023/03/11 13:00:50</SimpleData>
		<SimpleData name="file">133.jpeg</SimpleData>
		<SimpleData name="picture">44959D3C-AE05-41A0-8ABF-BD00BF7D68E6</SimpleData>
	</SchemaData></ExtendedData>
      <Point><coordinates>16.346931,48.193969</coordinates></Point>
  </Placemark>
  <Placemark>
	<name>2023/07/21 09:04:26</name>
	<description>[Leftist Viennese Dude picture](https://LeftistVienneseDudes.info/dudes.html?datetime=2023-07-21T09:04:26&amp;file=134.JPG) taken on 2023-07-21T09:04:26 at 48.216822,16.348106</description>
	<ExtendedData><SchemaData schemaUrl="#87e86746026560bba68eca80b62672f3">
		<SimpleData name="timestamp">2023/07/21 09:04:26</SimpleData>
		<SimpleData name="file">134.JPG</SimpleData>
		<SimpleData name="picture">AA4127E5-7CDF-4891-92A9-C6B07BB21D98</SimpleData>
	</SchemaData></ExtendedData>
      <Point><coordinates>16.348106,48.216822</coordinates></Point>
  </Placemark>
  <Placemark>
	<name>2023/07/21 10:06:05</name>
	<description>[Leftist Viennese Dude picture](https://LeftistVienneseDudes.info/dudes.html?datetime=2023-07-21T10:06:05&amp;file=135.JPG) taken on 2023-07-21T10:06:05 at 48.212294,16.369058</description>
	<ExtendedData><SchemaData schemaUrl="#87e86746026560bba68eca80b62672f3">
		<SimpleData name="timestamp">2023/07/21 10:06:05</SimpleData>
		<SimpleData name="file">135.JPG</SimpleData>
		<SimpleData name="picture">8E94B9E2-AC4C-4F5C-87D3-05818F45D0FD</SimpleData>
	</SchemaData></ExtendedData>
      <Point><coordinates>16.369058,48.212294</coordinates></Point>
  </Placemark>
  <Placemark>
	<name>2023/07/21 11:05:40</name>
	<description>[Leftist Viennese Dude picture](https://LeftistVienneseDudes.info/dudes.html?datetime=2023-07-21T11:05:40&amp;file=136.JPG) taken on 2023-07-21T11:05:40 at 48.215519,16.348061</description>
	<ExtendedData><SchemaData schemaUrl="#87e86746026560bba68eca80b62672f3">
		<SimpleData name="timestamp">2023/07/21 11:05:40</SimpleData>
		<SimpleData name="file">136.JPG</SimpleData>
		<SimpleData name="picture">2C385308-E756-4BDF-9453-28F6C50BDF67</SimpleData>
	</SchemaData></ExtendedData>
      <Point><coordinates>16.348061,48.215519</coordinates></Point>
  </Placemark>
  <Placemark>
	<name>2023/07/21 11:05:44</name>
	<description>[Leftist Viennese Dude picture](https://LeftistVienneseDudes.info/dudes.html?datetime=2023-07-21T11:05:44&amp;file=137.JPG) taken on 2023-07-21T11:05:44 at 48.215589,16.347989</description>
	<ExtendedData><SchemaData schemaUrl="#87e86746026560bba68eca80b62672f3">
		<SimpleData name="timestamp">2023/07/21 11:05:44</SimpleData>
		<SimpleData name="file">137.JPG</SimpleData>
		<SimpleData name="picture">8EEA91B6-074C-48EF-8315-F3E605910776</SimpleData>
	</SchemaData></ExtendedData>
      <Point><coordinates>16.347989,48.215589</coordinates></Point>
  </Placemark>
  <Placemark>
	<name>2024/06/22 11:55:37</name>
	<description>[Leftist Viennese Dude picture](https://LeftistVienneseDudes.info/dudes.html?datetime=2024-06-22T11:55:37&amp;file=138.JPG) taken on 2024-06-22T11:55:37 at 48.188939,16.349228</description>
	<ExtendedData><SchemaData schemaUrl="#87e86746026560bba68eca80b62672f3">
		<SimpleData name="timestamp">2024/06/22 11:55:37</SimpleData>
		<SimpleData name="file">138.JPG</SimpleData>
		<SimpleData name="picture">591CF43F-8B7F-4A64-BD92-8371EBC108A0</SimpleData>
	</SchemaData></ExtendedData>
      <Point><coordinates>16.349228,48.188939</coordinates></Point>
  </Placemark>
  <Placemark>
	<name>2024/08/06 15:31:13</name>
	<description>[Leftist Viennese Dude picture](https://LeftistVienneseDudes.info/dudes.html?datetime=2024-08-06T15:31:13&amp;file=139.JPG) taken on 2024-08-06T15:31:13 at 48.196378,16.394275</description>
	<ExtendedData><SchemaData schemaUrl="#87e86746026560bba68eca80b62672f3">
		<SimpleData name="timestamp">2024/08/06 15:31:13</SimpleData>
		<SimpleData name="file">139.JPG</SimpleData>
		<SimpleData name="picture">53DC2E0C-981A-4261-BE8F-A50B3EBE889C</SimpleData>
	</SchemaData></ExtendedData>
      <Point><coordinates>16.394275,48.196378</coordinates></Point>
  </Placemark>
  <Placemark>
	<name>2024/08/06 15:31:16</name>
	<description>[Leftist Viennese Dude picture](https://LeftistVienneseDudes.info/dudes.html?datetime=2024-08-06T15:31:16&amp;file=140.JPG) taken on 2024-08-06T15:31:16 at 48.196369,16.394303</description>
	<ExtendedData><SchemaData schemaUrl="#87e86746026560bba68eca80b62672f3">
		<SimpleData name="timestamp">2024/08/06 15:31:16</SimpleData>
		<SimpleData name="file">140.JPG</SimpleData>
		<SimpleData name="picture">C5355295-3316-4944-8259-78C11B332D79</SimpleData>
	</SchemaData></ExtendedData>
      <Point><coordinates>16.394303,48.196369</coordinates></Point>
  </Placemark>
  <Placemark>
	<name>2025/02/28 15:22:23</name>
	<description>[Leftist Viennese Dude picture](https://LeftistVienneseDudes.info/dudes.html?datetime=2025-02-28T15:22:23&amp;file=141.JPG) taken on 2025-02-28T15:22:23 at 48.210094,16.388469</description>
	<ExtendedData><SchemaData schemaUrl="#87e86746026560bba68eca80b62672f3">
		<SimpleData name="timestamp">2025/02/28 15:22:23</SimpleData>
		<SimpleData name="file">141.JPG</SimpleData>
		<SimpleData name="picture">D161163F-380C-4CD8-B9E5-32099B2AD152</SimpleData>
	</SchemaData></ExtendedData>
      <Point><coordinates>16.388469,48.210094</coordinates></Point>
  </Placemark>
  <Placemark>
	<name>2025/03/02 11:33:28</name>
	<description>[Leftist Viennese Dude picture](https://LeftistVienneseDudes.info/dudes.html?datetime=2025-03-02T11:33:28&amp;file=142.JPG) taken on 2025-03-02T11:33:28 at 48.194761,16.320794</description>
	<ExtendedData><SchemaData schemaUrl="#87e86746026560bba68eca80b62672f3">
		<SimpleData name="timestamp">2025/03/02 11:33:28</SimpleData>
		<SimpleData name="file">142.JPG</SimpleData>
		<SimpleData name="picture">9E42B592-E41F-4823-A49C-3B5DDA59DF3E</SimpleData>
	</SchemaData></ExtendedData>
      <Point><coordinates>16.320794,48.194761</coordinates></Point>
  </Placemark>
  <Placemark>
	<name>2025/03/06 12:37:11</name>
	<description>[Leftist Viennese Dude picture](https://LeftistVienneseDudes.info/dudes.html?datetime=2025-03-06T12:37:11&amp;file=143.JPG) taken on 2025-03-06T12:37:11 at 48.222031,16.356856</description>
	<ExtendedData><SchemaData schemaUrl="#87e86746026560bba68eca80b62672f3">
		<SimpleData name="timestamp">2025/03/06 12:37:11</SimpleData>
		<SimpleData name="file">143.JPG</SimpleData>
		<SimpleData name="picture">2B6F5E76-D86A-40DC-B7FF-D84283EB3DDE</SimpleData>
	</SchemaData></ExtendedData>
      <Point><coordinates>16.356856,48.222031</coordinates></Point>
  </Placemark>
  <Placemark>
	<name>2025/03/06 12:37:19</name>
	<description>[Leftist Viennese Dude picture](https://LeftistVienneseDudes.info/dudes.html?datetime=2025-03-06T12:37:19&amp;file=144.JPG) taken on 2025-03-06T12:37:19 at 48.222022,16.356886</description>
	<ExtendedData><SchemaData schemaUrl="#87e86746026560bba68eca80b62672f3">
		<SimpleData name="timestamp">2025/03/06 12:37:19</SimpleData>
		<SimpleData name="file">144.JPG</SimpleData>
		<SimpleData name="picture">2D616B92-6E1C-4105-9099-03E0BF5DA5A5</SimpleData>
	</SchemaData></ExtendedData>
      <Point><coordinates>16.356886,48.222022</coordinates></Point>
  </Placemark>
  <Placemark>
	<name>2025/03/06 13:15:14</name>
	<description>[Leftist Viennese Dude picture](https://LeftistVienneseDudes.info/dudes.html?datetime=2025-03-06T13:15:14&amp;file=145.JPG) taken on 2025-03-06T13:15:14 at 48.225861,16.359589</description>
	<ExtendedData><SchemaData schemaUrl="#87e86746026560bba68eca80b62672f3">
		<SimpleData name="timestamp">2025/03/06 13:15:14</SimpleData>
		<SimpleData name="file">145.JPG</SimpleData>
		<SimpleData name="picture">28BFC57C-AB11-4533-A704-45B4FA24183A</SimpleData>
	</SchemaData></ExtendedData>
      <Point><coordinates>16.359589,48.225861</coordinates></Point>
  </Placemark>
  <Placemark>
	<name>2025/03/06 13:15:51</name>
	<description>[Leftist Viennese Dude picture](https://LeftistVienneseDudes.info/dudes.html?datetime=2025-03-06T13:15:51&amp;file=146.JPG) taken on 2025-03-06T13:15:51 at 48.226006,16.359503</description>
	<ExtendedData><SchemaData schemaUrl="#87e86746026560bba68eca80b62672f3">
		<SimpleData name="timestamp">2025/03/06 13:15:51</SimpleData>
		<SimpleData name="file">146.JPG</SimpleData>
		<SimpleData name="picture">F8AF928B-CBA3-4AA4-B2E3-1A8EAE41105F</SimpleData>
	</SchemaData></ExtendedData>
      <Point><coordinates>16.359503,48.226006</coordinates></Point>
  </Placemark>
  <Placemark>
	<name>2025/03/09 14:17:51</name>
	<description>[Leftist Viennese Dude picture](https://LeftistVienneseDudes.info/dudes.html?datetime=2025-03-09T14:17:51&amp;file=147.JPG) taken on 2025-03-09T14:17:51 at 48.214564,16.353111</description>
	<ExtendedData><SchemaData schemaUrl="#87e86746026560bba68eca80b62672f3">
		<SimpleData name="timestamp">2025/03/09 14:17:51</SimpleData>
		<SimpleData name="file">147.JPG</SimpleData>
		<SimpleData name="picture">4F9AE62F-188E-4CF7-8797-B1BE4F399A40</SimpleData>
	</SchemaData></ExtendedData>
      <Point><coordinates>16.353111,48.214564</coordinates></Point>
  </Placemark>
  <Placemark>
	<name>2025/03/09 14:31:14</name>
	<description>[Leftist Viennese Dude picture](https://LeftistVienneseDudes.info/dudes.html?datetime=2025-03-09T14:31:14&amp;file=148.JPG) taken on 2025-03-09T14:31:14 at 48.211125,16.347933</description>
	<ExtendedData><SchemaData schemaUrl="#87e86746026560bba68eca80b62672f3">
		<SimpleData name="timestamp">2025/03/09 14:31:14</SimpleData>
		<SimpleData name="file">148.JPG</SimpleData>
		<SimpleData name="picture">23FA9B4F-234A-40CE-8B68-C113B62B7BF0</SimpleData>
	</SchemaData></ExtendedData>
      <Point><coordinates>16.347933,48.211125</coordinates></Point>
  </Placemark>
  <Placemark>
	<name>2025/03/09 15:47:49</name>
	<description>[Leftist Viennese Dude picture](https://LeftistVienneseDudes.info/dudes.html?datetime=2025-03-09T15:47:49&amp;file=149.JPG) taken on 2025-03-09T15:47:49 at 48.198569,16.359119</description>
	<ExtendedData><SchemaData schemaUrl="#87e86746026560bba68eca80b62672f3">
		<SimpleData name="timestamp">2025/03/09 15:47:49</SimpleData>
		<SimpleData name="file">149.JPG</SimpleData>
		<SimpleData name="picture">DFC382C0-5731-4E1E-9086-E112039FA745</SimpleData>
	</SchemaData></ExtendedData>
      <Point><coordinates>16.359119,48.198569</coordinates></Point>
  </Placemark>
  <Placemark>
	<name>2025/03/11 16:27:59</name>
	<description>[Leftist Viennese Dude picture](https://LeftistVienneseDudes.info/dudes.html?datetime=2025-03-11T16:27:59&amp;file=150.JPG) taken on 2025-03-11T16:27:59 at 48.190781,16.351031</description>
	<ExtendedData><SchemaData schemaUrl="#87e86746026560bba68eca80b62672f3">
		<SimpleData name="timestamp">2025/03/11 16:27:59</SimpleData>
		<SimpleData name="file">150.JPG</SimpleData>
		<SimpleData name="picture">8E99E8D3-A894-4B2D-B92C-9042142D2389</SimpleData>
	</SchemaData></ExtendedData>
      <Point><coordinates>16.351031,48.190781</coordinates></Point>
  </Placemark>
  <Placemark>
	<name>2025/03/11 16:29:27</name>
	<description>[Leftist Viennese Dude picture](https://LeftistVienneseDudes.info/dudes.html?datetime=2025-03-11T16:29:27&amp;file=151.JPG) taken on 2025-03-11T16:29:27 at 48.191697,16.351736</description>
	<ExtendedData><SchemaData schemaUrl="#87e86746026560bba68eca80b62672f3">
		<SimpleData name="timestamp">2025/03/11 16:29:27</SimpleData>
		<SimpleData name="file">151.JPG</SimpleData>
		<SimpleData name="picture">5D3CC2CC-CDB2-461D-8065-E532FCF328BA</SimpleData>
	</SchemaData></ExtendedData>
      <Point><coordinates>16.351736,48.191697</coordinates></Point>
  </Placemark>
  <Placemark>
	<name>2025/03/16 13:01:55</name>
	<description>[Leftist Viennese Dude picture](https://LeftistVienneseDudes.info/dudes.html?datetime=2025-03-16T13:01:55&amp;file=153.JPG) taken on 2025-03-16T13:01:55 at 48.225617,16.352325</description>
	<ExtendedData><SchemaData schemaUrl="#87e86746026560bba68eca80b62672f3">
		<SimpleData name="timestamp">2025/03/16 13:01:55</SimpleData>
		<SimpleData name="file">153.JPG</SimpleData>
		<SimpleData name="picture">FC285CD0-8ADB-4650-9751-0A70369E7EC2</SimpleData>
	</SchemaData></ExtendedData>
      <Point><coordinates>16.352325,48.225617</coordinates></Point>
  </Placemark>
  <Placemark>
	<name>2025/04/05 13:20:33</name>
	<description>[Leftist Viennese Dude picture](https://LeftistVienneseDudes.info/dudes.html?datetime=2025-04-05T13:20:33&amp;file=154.JPG) taken on 2025-04-05T13:20:33 at 48.2291,16.371142</description>
	<ExtendedData><SchemaData schemaUrl="#87e86746026560bba68eca80b62672f3">
		<SimpleData name="timestamp">2025/04/05 13:20:33</SimpleData>
		<SimpleData name="file">154.JPG</SimpleData>
		<SimpleData name="picture">34748F31-0447-4D4A-9913-15C333CAB115</SimpleData>
	</SchemaData></ExtendedData>
      <Point><coordinates>16.371142,48.2291</coordinates></Point>
  </Placemark>
  <Placemark>
	<name>2025/04/05 13:22:30</name>
	<description>[Leftist Viennese Dude picture](https://LeftistVienneseDudes.info/dudes.html?datetime=2025-04-05T13:22:30&amp;file=155.JPG) taken on 2025-04-05T13:22:30 at 48.228733,16.371697</description>
	<ExtendedData><SchemaData schemaUrl="#87e86746026560bba68eca80b62672f3">
		<SimpleData name="timestamp">2025/04/05 13:22:30</SimpleData>
		<SimpleData name="file">155.JPG</SimpleData>
		<SimpleData name="picture">034FB71E-30F7-41CA-836F-C0E933882A19</SimpleData>
	</SchemaData></ExtendedData>
      <Point><coordinates>16.371697,48.228733</coordinates></Point>
  </Placemark>
  <Placemark>
	<name>2025/04/05 13:23:51</name>
	<description>[Leftist Viennese Dude picture](https://LeftistVienneseDudes.info/dudes.html?datetime=2025-04-05T13:23:51&amp;file=152.JPG) taken on 2025-04-05T13:23:51 at 48.228706,16.372175</description>
	<ExtendedData><SchemaData schemaUrl="#87e86746026560bba68eca80b62672f3">
		<SimpleData name="timestamp">2025/04/05 13:23:51</SimpleData>
		<SimpleData name="file">152.JPG</SimpleData>
		<SimpleData name="picture">B11439C0-107C-48AC-B677-D9C57ECB5558</SimpleData>
	</SchemaData></ExtendedData>
      <Point><coordinates>16.372175,48.228706</coordinates></Point>
  </Placemark>
  <Placemark>
	<name>2025/04/05 13:23:51</name>
	<description>[Leftist Viennese Dude picture](https://LeftistVienneseDudes.info/dudes.html?datetime=2025-04-05T13:23:51&amp;file=156.JPG) taken on 2025-04-05T13:23:51 at 48.228706,16.372175</description>
	<ExtendedData><SchemaData schemaUrl="#87e86746026560bba68eca80b62672f3">
		<SimpleData name="timestamp">2025/04/05 13:23:51</SimpleData>
		<SimpleData name="file">156.JPG</SimpleData>
		<SimpleData name="picture">B11439C0-107C-48AC-B677-D9C57ECB5558</SimpleData>
	</SchemaData></ExtendedData>
      <Point><coordinates>16.372175,48.228706</coordinates></Point>
  </Placemark>
  <Placemark>
	<name>2025/04/06 12:29:29</name>
	<description>[Leftist Viennese Dude picture](https://LeftistVienneseDudes.info/dudes.html?datetime=2025-04-06T12:29:29&amp;file=157.JPG) taken on 2025-04-06T12:29:29 at 48.212058,16.368697</description>
	<ExtendedData><SchemaData schemaUrl="#87e86746026560bba68eca80b62672f3">
		<SimpleData name="timestamp">2025/04/06 12:29:29</SimpleData>
		<SimpleData name="file">157.JPG</SimpleData>
		<SimpleData name="picture">6E2CBD6D-CB34-4D40-9F84-A56F955DEC65</SimpleData>
	</SchemaData></ExtendedData>
      <Point><coordinates>16.368697,48.212058</coordinates></Point>
  </Placemark>
  <Placemark>
	<name>2025/04/06 12:30:04</name>
	<description>[Leftist Viennese Dude picture](https://LeftistVienneseDudes.info/dudes.html?datetime=2025-04-06T12:30:04&amp;file=158.JPG) taken on 2025-04-06T12:30:04 at 48.211914,16.368617</description>
	<ExtendedData><SchemaData schemaUrl="#87e86746026560bba68eca80b62672f3">
		<SimpleData name="timestamp">2025/04/06 12:30:04</SimpleData>
		<SimpleData name="file">158.JPG</SimpleData>
		<SimpleData name="picture">CE13217E-EEE4-42AA-A4C3-62F2F3BAF29C</SimpleData>
	</SchemaData></ExtendedData>
      <Point><coordinates>16.368617,48.211914</coordinates></Point>
  </Placemark>
  <Placemark>
	<name>2025/04/14 14:27:59</name>
	<description>[Leftist Viennese Dude picture](https://LeftistVienneseDudes.info/dudes.html?datetime=2025-04-14T14:27:59&amp;file=159.JPG) taken on 2025-04-14T14:27:59 at 48.212264,16.390058</description>
	<ExtendedData><SchemaData schemaUrl="#87e86746026560bba68eca80b62672f3">
		<SimpleData name="timestamp">2025/04/14 14:27:59</SimpleData>
		<SimpleData name="file">159.JPG</SimpleData>
		<SimpleData name="picture">B24B9428-63F0-47BE-99FE-A04C808348CB</SimpleData>
	</SchemaData></ExtendedData>
      <Point><coordinates>16.390058,48.212264</coordinates></Point>
  </Placemark>
  <Placemark>
	<name>2025/04/14 14:28:11</name>
	<description>[Leftist Viennese Dude picture](https://LeftistVienneseDudes.info/dudes.html?datetime=2025-04-14T14:28:11&amp;file=160.JPG) taken on 2025-04-14T14:28:11 at 48.212256,16.390086</description>
	<ExtendedData><SchemaData schemaUrl="#87e86746026560bba68eca80b62672f3">
		<SimpleData name="timestamp">2025/04/14 14:28:11</SimpleData>
		<SimpleData name="file">160.JPG</SimpleData>
		<SimpleData name="picture">D9031FDB-0B46-4785-9362-5BC3055E5762</SimpleData>
	</SchemaData></ExtendedData>
      <Point><coordinates>16.390086,48.212256</coordinates></Point>
  </Placemark>
  <Placemark>
	<name>2025/10/13 13:23:42</name>
	<description>[Leftist Viennese Dude picture](https://LeftistVienneseDudes.info/dudes.html?datetime=2025-10-13T13:23:42&amp;file=162.JPG) taken on 2025-10-13T13:23:42 at 48.210169,16.334714</description>
	<ExtendedData><SchemaData schemaUrl="#87e86746026560bba68eca80b62672f3">
		<SimpleData name="timestamp">2025/10/13 13:23:42</SimpleData>
		<SimpleData name="file">162.JPG</SimpleData>
		<SimpleData name="picture">0D68760A-A728-470F-B8A6-5E1895E1EB1B</SimpleData>
	</SchemaData></ExtendedData>
      <Point><coordinates>16.334714,48.210169</coordinates></Point>
  </Placemark>
  <Placemark>
	<name>2025/10/13 13:24:10</name>
	<description>[Leftist Viennese Dude picture](https://LeftistVienneseDudes.info/dudes.html?datetime=2025-10-13T13:24:10&amp;file=163.JPG) taken on 2025-10-13T13:24:10 at 48.210217,16.334597</description>
	<ExtendedData><SchemaData schemaUrl="#87e86746026560bba68eca80b62672f3">
		<SimpleData name="timestamp">2025/10/13 13:24:10</SimpleData>
		<SimpleData name="file">163.JPG</SimpleData>
		<SimpleData name="picture">6E8A1FCF-539D-4BE0-85D9-D3D005E8274C</SimpleData>
	</SchemaData></ExtendedData>
      <Point><coordinates>16.334597,48.210217</coordinates></Point>
  </Placemark>
  <Placemark>
	<name>2025/10/13 13:24:41</name>
	<description>[Leftist Viennese Dude picture](https://LeftistVienneseDudes.info/dudes.html?datetime=2025-10-13T13:24:41&amp;file=164.JPG) taken on 2025-10-13T13:24:41 at 48.210164,16.334308</description>
	<ExtendedData><SchemaData schemaUrl="#87e86746026560bba68eca80b62672f3">
		<SimpleData name="timestamp">2025/10/13 13:24:41</SimpleData>
		<SimpleData name="file">164.JPG</SimpleData>
		<SimpleData name="picture">3C2F37AA-F1A1-4B8E-8418-4B381D8F00F0</SimpleData>
	</SchemaData></ExtendedData>
      <Point><coordinates>16.334308,48.210164</coordinates></Point>
  </Placemark>
  <Placemark>
	<name>2025/10/13 13:47:38</name>
	<description>[Leftist Viennese Dude picture](https://LeftistVienneseDudes.info/dudes.html?datetime=2025-10-13T13:47:38&amp;file=165.JPG) taken on 2025-10-13T13:47:38 at 48.220108,16.337789</description>
	<ExtendedData><SchemaData schemaUrl="#87e86746026560bba68eca80b62672f3">
		<SimpleData name="timestamp">2025/10/13 13:47:38</SimpleData>
		<SimpleData name="file">165.JPG</SimpleData>
		<SimpleData name="picture">E91BFB7A-DB90-40DD-989F-3BD7C2D7B974</SimpleData>
	</SchemaData></ExtendedData>
      <Point><coordinates>16.337789,48.220108</coordinates></Point>
  </Placemark>
  <Placemark>
	<name>2025/10/13 13:47:44</name>
	<description>[Leftist Viennese Dude picture](https://LeftistVienneseDudes.info/dudes.html?datetime=2025-10-13T13:47:44&amp;file=166.JPG) taken on 2025-10-13T13:47:44 at 48.220114,16.337739</description>
	<ExtendedData><SchemaData schemaUrl="#87e86746026560bba68eca80b62672f3">
		<SimpleData name="timestamp">2025/10/13 13:47:44</SimpleData>
		<SimpleData name="file">166.JPG</SimpleData>
		<SimpleData name="picture">B403C246-8740-4285-9809-3D1D1BA08B7F</SimpleData>
	</SchemaData></ExtendedData>
      <Point><coordinates>16.337739,48.220114</coordinates></Point>
  </Placemark>
  <Placemark>
	<name>2025/10/17 14:14:58</name>
	<description>[Leftist Viennese Dude picture](https://LeftistVienneseDudes.info/dudes.html?datetime=2025-10-17T14:14:58&amp;file=167.JPG) taken on 2025-10-17T14:14:58 at 48.19585,16.394472</description>
	<ExtendedData><SchemaData schemaUrl="#87e86746026560bba68eca80b62672f3">
		<SimpleData name="timestamp">2025/10/17 14:14:58</SimpleData>
		<SimpleData name="file">167.JPG</SimpleData>
		<SimpleData name="picture">DC9748EF-ABEF-443D-B861-8EE5A3293169</SimpleData>
	</SchemaData></ExtendedData>
      <Point><coordinates>16.394472,48.19585</coordinates></Point>
  </Placemark>
  <Placemark>
	<name>2026/02/02 14:11:10</name>
	<description>[Leftist Viennese Dude picture](https://LeftistVienneseDudes.info/dudes.html?datetime=2026-02-02T14:11:10&amp;file=IMG_3540.JPG) taken on 2026-02-02T14:11:10 at 48.187094,16.346494</description>
	<ExtendedData><SchemaData schemaUrl="#87e86746026560bba68eca80b62672f3">
		<SimpleData name="timestamp">2026/02/02 14:11:10</SimpleData>
		<SimpleData name="file">IMG_3540.JPG</SimpleData>
		<SimpleData name="picture">934CBAD4-828C-45F1-9DC0-A49CD05F8C65</SimpleData>
	</SchemaData></ExtendedData>
      <Point><coordinates>16.346494,48.187094</coordinates></Point>
  </Placemark>
  <Placemark>
	<name>2026/02/02 14:11:26</name>
	<description>[Leftist Viennese Dude picture](https://LeftistVienneseDudes.info/dudes.html?datetime=2026-02-02T14:11:26&amp;file=IMG_3541.JPG) taken on 2026-02-02T14:11:26 at 48.187086,16.346439</description>
	<ExtendedData><SchemaData schemaUrl="#87e86746026560bba68eca80b62672f3">
		<SimpleData name="timestamp">2026/02/02 14:11:26</SimpleData>
		<SimpleData name="file">IMG_3541.JPG</SimpleData>
		<SimpleData name="picture">090A3425-84EA-4313-8B29-3D6F551BCF9C</SimpleData>
	</SchemaData></ExtendedData>
      <Point><coordinates>16.346439,48.187086</coordinates></Point>
  </Placemark>
  <Placemark>
	<name>2026/02/26 08:54:05</name>
	<description>[Leftist Viennese Dude picture](https://LeftistVienneseDudes.info/dudes.html?datetime=2026-02-26T08:54:05&amp;file=IMG_3590.JPG) taken on 2026-02-26T08:54:05 at 48.221275,16.384439</description>
	<ExtendedData><SchemaData schemaUrl="#87e86746026560bba68eca80b62672f3">
		<SimpleData name="timestamp">2026/02/26 08:54:05</SimpleData>
		<SimpleData name="file">IMG_3590.JPG</SimpleData>
		<SimpleData name="picture">23901A06-96C1-42D5-A036-192890CE2011</SimpleData>
	</SchemaData></ExtendedData>
      <Point><coordinates>16.384439,48.221275</coordinates></Point>
  </Placemark>
  <Placemark>
	<name>2026/03/30 15:00:51</name>
	<description>[Leftist Viennese Dude picture](https://LeftistVienneseDudes.info/dudes.html?datetime=2026-03-30T15:00:51&amp;file=IMG_3680.JPG) taken on 2026-03-30T15:00:51 at 48.189658,16.345578</description>
	<ExtendedData><SchemaData schemaUrl="#87e86746026560bba68eca80b62672f3">
		<SimpleData name="timestamp">2026/03/30 15:00:51</SimpleData>
		<SimpleData name="file">IMG_3680.JPG</SimpleData>
		<SimpleData name="picture">3C328722-AF3A-4BA9-B5F4-8220C9A8B45D</SimpleData>
	</SchemaData></ExtendedData>
      <Point><coordinates>16.345578,48.189658</coordinates></Point>
  </Placemark>
  <Placemark>
	<name>2026/03/30 15:00:57</name>
	<description>[Leftist Viennese Dude picture](https://LeftistVienneseDudes.info/dudes.html?datetime=2026-03-30T15:00:57&amp;file=IMG_3681.JPG) taken on 2026-03-30T15:00:57 at 48.189644,16.345614</description>
	<ExtendedData><SchemaData schemaUrl="#87e86746026560bba68eca80b62672f3">
		<SimpleData name="timestamp">2026/03/30 15:00:57</SimpleData>
		<SimpleData name="file">IMG_3681.JPG</SimpleData>
		<SimpleData name="picture">4FD8F830-CA2F-4182-8171-5FA58FF089DE</SimpleData>
	</SchemaData></ExtendedData>
      <Point><coordinates>16.345614,48.189644</coordinates></Point>
  </Placemark>
  <Placemark>
	<name>2026/03/30 15:01:43</name>
	<description>[Leftist Viennese Dude picture](https://LeftistVienneseDudes.info/dudes.html?datetime=2026-03-30T15:01:43&amp;file=IMG_3682.JPG) taken on 2026-03-30T15:01:43 at 48.189647,16.346136</description>
	<ExtendedData><SchemaData schemaUrl="#87e86746026560bba68eca80b62672f3">
		<SimpleData name="timestamp">2026/03/30 15:01:43</SimpleData>
		<SimpleData name="file">IMG_3682.JPG</SimpleData>
		<SimpleData name="picture">AE3EA6EF-205C-4BB9-9717-7B2B3A9DF687</SimpleData>
	</SchemaData></ExtendedData>
      <Point><coordinates>16.346136,48.189647</coordinates></Point>
  </Placemark>
  <Placemark>
	<name>2026/03/30 15:01:50</name>
	<description>[Leftist Viennese Dude picture](https://LeftistVienneseDudes.info/dudes.html?datetime=2026-03-30T15:01:50&amp;file=IMG_3683.JPG) taken on 2026-03-30T15:01:50 at 48.189669,16.346156</description>
	<ExtendedData><SchemaData schemaUrl="#87e86746026560bba68eca80b62672f3">
		<SimpleData name="timestamp">2026/03/30 15:01:50</SimpleData>
		<SimpleData name="file">IMG_3683.JPG</SimpleData>
		<SimpleData name="picture">FCA9F2E5-62B1-4B9B-94AD-16AF99F11FB3</SimpleData>
	</SchemaData></ExtendedData>
      <Point><coordinates>16.346156,48.189669</coordinates></Point>
  </Placemark>
  <Placemark>
	<name>2026/03/30 15:04:05</name>
	<description>[Leftist Viennese Dude picture](https://LeftistVienneseDudes.info/dudes.html?datetime=2026-03-30T15:04:05&amp;file=IMG_3684.JPG) taken on 2026-03-30T15:04:05 at 48.189797,16.348325</description>
	<ExtendedData><SchemaData schemaUrl="#87e86746026560bba68eca80b62672f3">
		<SimpleData name="timestamp">2026/03/30 15:04:05</SimpleData>
		<SimpleData name="file">IMG_3684.JPG</SimpleData>
		<SimpleData name="picture">BC87C5DE-4158-4F40-B3F6-340C6C49DC64</SimpleData>
	</SchemaData></ExtendedData>
      <Point><coordinates>16.348325,48.189797</coordinates></Point>
  </Placemark>
  <Placemark>
	<name>2026/03/30 15:04:13</name>
	<description>[Leftist Viennese Dude picture](https://LeftistVienneseDudes.info/dudes.html?datetime=2026-03-30T15:04:13&amp;file=IMG_3685.JPG) taken on 2026-03-30T15:04:13 at 48.1898,16.348281</description>
	<ExtendedData><SchemaData schemaUrl="#87e86746026560bba68eca80b62672f3">
		<SimpleData name="timestamp">2026/03/30 15:04:13</SimpleData>
		<SimpleData name="file">IMG_3685.JPG</SimpleData>
		<SimpleData name="picture">CB3D3C02-3427-4B71-995C-65D55B864BA6</SimpleData>
	</SchemaData></ExtendedData>
      <Point><coordinates>16.348281,48.1898</coordinates></Point>
  </Placemark>
  <Placemark>
	<name>2026/03/30 15:07:45</name>
	<description>[Leftist Viennese Dude picture](https://LeftistVienneseDudes.info/dudes.html?datetime=2026-03-30T15:07:45&amp;file=IMG_3686.JPG) taken on 2026-03-30T15:07:45 at 48.190658,16.351094</description>
	<ExtendedData><SchemaData schemaUrl="#87e86746026560bba68eca80b62672f3">
		<SimpleData name="timestamp">2026/03/30 15:07:45</SimpleData>
		<SimpleData name="file">IMG_3686.JPG</SimpleData>
		<SimpleData name="picture">A1C945F3-2981-43B2-B988-2F809174B90B</SimpleData>
	</SchemaData></ExtendedData>
      <Point><coordinates>16.351094,48.190658</coordinates></Point>
  </Placemark>
  <Placemark>
	<name>2026/03/30 15:07:59</name>
	<description>[Leftist Viennese Dude picture](https://LeftistVienneseDudes.info/dudes.html?datetime=2026-03-30T15:07:59&amp;file=IMG_3687.JPG) taken on 2026-03-30T15:07:59 at 48.190739,16.351122</description>
	<ExtendedData><SchemaData schemaUrl="#87e86746026560bba68eca80b62672f3">
		<SimpleData name="timestamp">2026/03/30 15:07:59</SimpleData>
		<SimpleData name="file">IMG_3687.JPG</SimpleData>
		<SimpleData name="picture">1D6D29E5-9F9B-405A-A461-FE34049319AC</SimpleData>
	</SchemaData></ExtendedData>
      <Point><coordinates>16.351122,48.190739</coordinates></Point>
  </Placemark>
  <Placemark>
	<name>2026/04/13 10:49:06</name>
	<description>[Leftist Viennese Dude picture](https://LeftistVienneseDudes.info/dudes.html?datetime=2026-04-13T10:49:06&amp;file=IMG_3706.JPG) taken on 2026-04-13T10:49:06 at 48.215461,16.334408</description>
	<ExtendedData><SchemaData schemaUrl="#87e86746026560bba68eca80b62672f3">
		<SimpleData name="timestamp">2026/04/13 10:49:06</SimpleData>
		<SimpleData name="file">IMG_3706.JPG</SimpleData>
		<SimpleData name="picture">6ECFB243-C51D-4E34-8DDC-5010891BEAD6</SimpleData>
	</SchemaData></ExtendedData>
      <Point><coordinates>16.334408,48.215461</coordinates></Point>
  </Placemark>
  <Placemark>
	<name>2026/04/13 10:49:17</name>
	<description>[Leftist Viennese Dude picture](https://LeftistVienneseDudes.info/dudes.html?datetime=2026-04-13T10:49:17&amp;file=IMG_3707.JPG) taken on 2026-04-13T10:49:17 at 48.215472,16.334394</description>
	<ExtendedData><SchemaData schemaUrl="#87e86746026560bba68eca80b62672f3">
		<SimpleData name="timestamp">2026/04/13 10:49:17</SimpleData>
		<SimpleData name="file">IMG_3707.JPG</SimpleData>
		<SimpleData name="picture">B4A6B0A8-1D12-4640-BA36-53EA8BE10D0B</SimpleData>
	</SchemaData></ExtendedData>
      <Point><coordinates>16.334394,48.215472</coordinates></Point>
  </Placemark>
  <Placemark>
	<name>2026/04/16 15:38:30</name>
	<description>[Leftist Viennese Dude picture](https://LeftistVienneseDudes.info/dudes.html?datetime=2026-04-16T15:38:30&amp;file=IMG_3716.JPG) taken on 2026-04-16T15:38:30 at 48.227436,16.367353</description>
	<ExtendedData><SchemaData schemaUrl="#87e86746026560bba68eca80b62672f3">
		<SimpleData name="timestamp">2026/04/16 15:38:30</SimpleData>
		<SimpleData name="file">IMG_3716.JPG</SimpleData>
		<SimpleData name="picture">FE14E356-9CAB-43E7-B0B7-654E7D1A302D</SimpleData>
	</SchemaData></ExtendedData>
      <Point><coordinates>16.367353,48.227436</coordinates></Point>
  </Placemark>
  <Placemark>
	<name>2026/04/16 15:38:36</name>
	<description>[Leftist Viennese Dude picture](https://LeftistVienneseDudes.info/dudes.html?datetime=2026-04-16T15:38:36&amp;file=IMG_3717.JPG) taken on 2026-04-16T15:38:36 at 48.227428,16.367344</description>
	<ExtendedData><SchemaData schemaUrl="#87e86746026560bba68eca80b62672f3">
		<SimpleData name="timestamp">2026/04/16 15:38:36</SimpleData>
		<SimpleData name="file">IMG_3717.JPG</SimpleData>
		<SimpleData name="picture">728EB6E3-EBCC-47DF-B971-58294DF748DF</SimpleData>
	</SchemaData></ExtendedData>
      <Point><coordinates>16.367344,48.227428</coordinates></Point>
  </Placemark>
  <Placemark>
	<name>2026/04/16 16:05:11</name>
	<description>[Leftist Viennese Dude picture](https://LeftistVienneseDudes.info/dudes.html?datetime=2026-04-16T16:05:11&amp;file=IMG_3719.JPG) taken on 2026-04-16T16:05:11 at 48.217669,16.375583</description>
	<ExtendedData><SchemaData schemaUrl="#87e86746026560bba68eca80b62672f3">
		<SimpleData name="timestamp">2026/04/16 16:05:11</SimpleData>
		<SimpleData name="file">IMG_3719.JPG</SimpleData>
		<SimpleData name="picture">69C4224F-1CCF-4F2F-99B6-63DD47E68981</SimpleData>
	</SchemaData></ExtendedData>
      <Point><coordinates>16.375583,48.217669</coordinates></Point>
  </Placemark>
  <Placemark>
	<name>2026/04/16 16:05:17</name>
	<description>[Leftist Viennese Dude picture](https://LeftistVienneseDudes.info/dudes.html?datetime=2026-04-16T16:05:17&amp;file=IMG_3720.JPG) taken on 2026-04-16T16:05:17 at 48.217667,16.375592</description>
	<ExtendedData><SchemaData schemaUrl="#87e86746026560bba68eca80b62672f3">
		<SimpleData name="timestamp">2026/04/16 16:05:17</SimpleData>
		<SimpleData name="file">IMG_3720.JPG</SimpleData>
		<SimpleData name="picture">5BF0262C-1A36-4183-9BEC-D3EDE645AEB9</SimpleData>
	</SchemaData></ExtendedData>
      <Point><coordinates>16.375592,48.217667</coordinates></Point>
  </Placemark>
  <Placemark>
	<name>2026/04/16 16:30:20</name>
	<description>[Leftist Viennese Dude picture](https://LeftistVienneseDudes.info/dudes.html?datetime=2026-04-16T16:30:20&amp;file=IMG_3721.JPG) taken on 2026-04-16T16:30:20 at 48.209214,16.377539</description>
	<ExtendedData><SchemaData schemaUrl="#87e86746026560bba68eca80b62672f3">
		<SimpleData name="timestamp">2026/04/16 16:30:20</SimpleData>
		<SimpleData name="file">IMG_3721.JPG</SimpleData>
		<SimpleData name="picture">0FBDF187-2DB2-4E3F-B7D6-CC3EA1EA3CF9</SimpleData>
	</SchemaData></ExtendedData>
      <Point><coordinates>16.377539,48.209214</coordinates></Point>
  </Placemark>
  <Placemark>
	<name>2026/04/16 16:30:30</name>
	<description>[Leftist Viennese Dude picture](https://LeftistVienneseDudes.info/dudes.html?datetime=2026-04-16T16:30:30&amp;file=IMG_3722.JPG) taken on 2026-04-16T16:30:30 at 48.209258,16.377578</description>
	<ExtendedData><SchemaData schemaUrl="#87e86746026560bba68eca80b62672f3">
		<SimpleData name="timestamp">2026/04/16 16:30:30</SimpleData>
		<SimpleData name="file">IMG_3722.JPG</SimpleData>
		<SimpleData name="picture">B5D52730-09A7-430F-A76C-497E13B0B972</SimpleData>
	</SchemaData></ExtendedData>
      <Point><coordinates>16.377578,48.209258</coordinates></Point>
  </Placemark>
  <Placemark>
	<name>2026/04/18 13:57:04</name>
	<description>[Leftist Viennese Dude picture](https://LeftistVienneseDudes.info/dudes.html?datetime=2026-04-18T13:57:04&amp;file=IMG_3724.JPG) taken on 2026-04-18T13:57:04 at 48.207664,16.374253</description>
	<ExtendedData><SchemaData schemaUrl="#87e86746026560bba68eca80b62672f3">
		<SimpleData name="timestamp">2026/04/18 13:57:04</SimpleData>
		<SimpleData name="file">IMG_3724.JPG</SimpleData>
		<SimpleData name="picture">B153F81C-7EB7-49F8-AE04-EC9459E49AF3</SimpleData>
	</SchemaData></ExtendedData>
      <Point><coordinates>16.374253,48.207664</coordinates></Point>
  </Placemark>
  <Placemark>
	<name>2026/04/18 13:57:09</name>
	<description>[Leftist Viennese Dude picture](https://LeftistVienneseDudes.info/dudes.html?datetime=2026-04-18T13:57:09&amp;file=IMG_3725.JPG) taken on 2026-04-18T13:57:09 at 48.207653,16.374211</description>
	<ExtendedData><SchemaData schemaUrl="#87e86746026560bba68eca80b62672f3">
		<SimpleData name="timestamp">2026/04/18 13:57:09</SimpleData>
		<SimpleData name="file">IMG_3725.JPG</SimpleData>
		<SimpleData name="picture">05B46867-1A39-4202-8B49-3C2C2DD76709</SimpleData>
	</SchemaData></ExtendedData>
      <Point><coordinates>16.374211,48.207653</coordinates></Point>
  </Placemark>
  <Placemark>
	<name>2026/04/18 13:57:20</name>
	<description>[Leftist Viennese Dude picture](https://LeftistVienneseDudes.info/dudes.html?datetime=2026-04-18T13:57:20&amp;file=IMG_3726.JPG) taken on 2026-04-18T13:57:20 at 48.2076,16.374153</description>
	<ExtendedData><SchemaData schemaUrl="#87e86746026560bba68eca80b62672f3">
		<SimpleData name="timestamp">2026/04/18 13:57:20</SimpleData>
		<SimpleData name="file">IMG_3726.JPG</SimpleData>
		<SimpleData name="picture">90FB079C-BDE0-49EC-9963-4A3883496C68</SimpleData>
	</SchemaData></ExtendedData>
      <Point><coordinates>16.374153,48.2076</coordinates></Point>
  </Placemark>
  <Placemark>
	<name>2026/04/18 13:58:03</name>
	<description>[Leftist Viennese Dude picture](https://LeftistVienneseDudes.info/dudes.html?datetime=2026-04-18T13:58:03&amp;file=IMG_3727.JPG) taken on 2026-04-18T13:58:03 at 48.207897,16.374472</description>
	<ExtendedData><SchemaData schemaUrl="#87e86746026560bba68eca80b62672f3">
		<SimpleData name="timestamp">2026/04/18 13:58:03</SimpleData>
		<SimpleData name="file">IMG_3727.JPG</SimpleData>
		<SimpleData name="picture">F19540EF-3688-45E8-914A-089F83A7F867</SimpleData>
	</SchemaData></ExtendedData>
      <Point><coordinates>16.374472,48.207897</coordinates></Point>
  </Placemark>
  <Placemark>
	<name>2026/04/18 13:58:12</name>
	<description>[Leftist Viennese Dude picture](https://LeftistVienneseDudes.info/dudes.html?datetime=2026-04-18T13:58:12&amp;file=IMG_3728.JPG) taken on 2026-04-18T13:58:12 at 48.207886,16.374447</description>
	<ExtendedData><SchemaData schemaUrl="#87e86746026560bba68eca80b62672f3">
		<SimpleData name="timestamp">2026/04/18 13:58:12</SimpleData>
		<SimpleData name="file">IMG_3728.JPG</SimpleData>
		<SimpleData name="picture">9A25FCB7-3A72-457C-AA8C-06D1C5394F9E</SimpleData>
	</SchemaData></ExtendedData>
      <Point><coordinates>16.374447,48.207886</coordinates></Point>
  </Placemark>
  <Placemark>
	<name>2026/04/18 13:58:57</name>
	<description>[Leftist Viennese Dude picture](https://LeftistVienneseDudes.info/dudes.html?datetime=2026-04-18T13:58:57&amp;file=IMG_3729.JPG) taken on 2026-04-18T13:58:57 at 48.207986,16.3746</description>
	<ExtendedData><SchemaData schemaUrl="#87e86746026560bba68eca80b62672f3">
		<SimpleData name="timestamp">2026/04/18 13:58:57</SimpleData>
		<SimpleData name="file">IMG_3729.JPG</SimpleData>
		<SimpleData name="picture">63050F0C-1DF1-450A-AD04-F81A36A78F82</SimpleData>
	</SchemaData></ExtendedData>
      <Point><coordinates>16.3746,48.207986</coordinates></Point>
  </Placemark>
  <Placemark>
	<name>2026/04/18 13:59:07</name>
	<description>[Leftist Viennese Dude picture](https://LeftistVienneseDudes.info/dudes.html?datetime=2026-04-18T13:59:07&amp;file=IMG_3730.JPG) taken on 2026-04-18T13:59:07 at 48.207986,16.374528</description>
	<ExtendedData><SchemaData schemaUrl="#87e86746026560bba68eca80b62672f3">
		<SimpleData name="timestamp">2026/04/18 13:59:07</SimpleData>
		<SimpleData name="file">IMG_3730.JPG</SimpleData>
		<SimpleData name="picture">B8421772-CBB6-4E6E-94B6-2CF3119F9BC5</SimpleData>
	</SchemaData></ExtendedData>
      <Point><coordinates>16.374528,48.207986</coordinates></Point>
  </Placemark>
  <Placemark>
	<name>2026/04/19 12:27:36</name>
	<description>[Leftist Viennese Dude picture](https://LeftistVienneseDudes.info/dudes.html?datetime=2026-04-19T12:27:36&amp;file=IMG_3731.JPG) taken on 2026-04-19T12:27:36 at 48.196331,16.394286</description>
	<ExtendedData><SchemaData schemaUrl="#87e86746026560bba68eca80b62672f3">
		<SimpleData name="timestamp">2026/04/19 12:27:36</SimpleData>
		<SimpleData name="file">IMG_3731.JPG</SimpleData>
		<SimpleData name="picture">BE631352-F58F-42DA-9781-66EBF8F05482</SimpleData>
	</SchemaData></ExtendedData>
      <Point><coordinates>16.394286,48.196331</coordinates></Point>
  </Placemark>
  <Placemark>
	<name>2026/04/19 12:27:39</name>
	<description>[Leftist Viennese Dude picture](https://LeftistVienneseDudes.info/dudes.html?datetime=2026-04-19T12:27:39&amp;file=IMG_3732.JPG) taken on 2026-04-19T12:27:39 at 48.196322,16.394328</description>
	<ExtendedData><SchemaData schemaUrl="#87e86746026560bba68eca80b62672f3">
		<SimpleData name="timestamp">2026/04/19 12:27:39</SimpleData>
		<SimpleData name="file">IMG_3732.JPG</SimpleData>
		<SimpleData name="picture">68AC0745-4A9D-446F-9F6E-9F614AC3DAC7</SimpleData>
	</SchemaData></ExtendedData>
      <Point><coordinates>16.394328,48.196322</coordinates></Point>
  </Placemark>
  <Placemark>
	<name>2026/05/10 10:00:11</name>
	<description>[Leftist Viennese Dude picture](https://LeftistVienneseDudes.info/dudes.html?datetime=2026-05-10T10:00:11&amp;file=IMG_3753.JPG) taken on 2026-05-10T10:00:11 at 48.219933,16.360314</description>
	<ExtendedData><SchemaData schemaUrl="#87e86746026560bba68eca80b62672f3">
		<SimpleData name="timestamp">2026/05/10 10:00:11</SimpleData>
		<SimpleData name="file">IMG_3753.JPG</SimpleData>
		<SimpleData name="picture">07BA8BE8-2DD7-4651-A823-0A905373AB2B</SimpleData>
	</SchemaData></ExtendedData>
      <Point><coordinates>16.360314,48.219933</coordinates></Point>
  </Placemark>
  <Placemark>
	<name>2026/05/10 10:00:16</name>
	<description>[Leftist Viennese Dude picture](https://LeftistVienneseDudes.info/dudes.html?datetime=2026-05-10T10:00:16&amp;file=IMG_3754.JPG) taken on 2026-05-10T10:00:16 at 48.219936,16.3603</description>
	<ExtendedData><SchemaData schemaUrl="#87e86746026560bba68eca80b62672f3">
		<SimpleData name="timestamp">2026/05/10 10:00:16</SimpleData>
		<SimpleData name="file">IMG_3754.JPG</SimpleData>
		<SimpleData name="picture">2DACB911-A3A4-47F0-9025-ABDFA3AD10BF</SimpleData>
	</SchemaData></ExtendedData>
      <Point><coordinates>16.3603,48.219936</coordinates></Point>
  </Placemark>
  <Placemark>
	<name>2026/05/10 10:06:04</name>
	<description>[Leftist Viennese Dude picture](https://LeftistVienneseDudes.info/dudes.html?datetime=2026-05-10T10:06:04&amp;file=IMG_3755.JPG) taken on 2026-05-10T10:06:04 at 48.222122,16.357356</description>
	<ExtendedData><SchemaData schemaUrl="#87e86746026560bba68eca80b62672f3">
		<SimpleData name="timestamp">2026/05/10 10:06:04</SimpleData>
		<SimpleData name="file">IMG_3755.JPG</SimpleData>
		<SimpleData name="picture">4F46205D-D271-442C-AAAA-5D422FC6A94F</SimpleData>
	</SchemaData></ExtendedData>
      <Point><coordinates>16.357356,48.222122</coordinates></Point>
  </Placemark>
  <Placemark>
	<name>2026/05/10 10:06:13</name>
	<description>[Leftist Viennese Dude picture](https://LeftistVienneseDudes.info/dudes.html?datetime=2026-05-10T10:06:13&amp;file=IMG_3756.JPG) taken on 2026-05-10T10:06:13 at 48.222081,16.357339</description>
	<ExtendedData><SchemaData schemaUrl="#87e86746026560bba68eca80b62672f3">
		<SimpleData name="timestamp">2026/05/10 10:06:13</SimpleData>
		<SimpleData name="file">IMG_3756.JPG</SimpleData>
		<SimpleData name="picture">F0AA6595-C5C2-4CE2-998B-EBB368EFA20B</SimpleData>
	</SchemaData></ExtendedData>
      <Point><coordinates>16.357339,48.222081</coordinates></Point>
  </Placemark>
  <Placemark>
	<name>2026/05/10 10:12:21</name>
	<description>[Leftist Viennese Dude picture](https://LeftistVienneseDudes.info/dudes.html?datetime=2026-05-10T10:12:21&amp;file=IMG_3757.JPG) taken on 2026-05-10T10:12:21 at 48.225153,16.356553</description>
	<ExtendedData><SchemaData schemaUrl="#87e86746026560bba68eca80b62672f3">
		<SimpleData name="timestamp">2026/05/10 10:12:21</SimpleData>
		<SimpleData name="file">IMG_3757.JPG</SimpleData>
		<SimpleData name="picture">57B31766-8E5A-4B29-89E4-782E71B07539</SimpleData>
	</SchemaData></ExtendedData>
      <Point><coordinates>16.356553,48.225153</coordinates></Point>
  </Placemark>
  <Placemark>
	<name>2026/05/22 11:41:15</name>
	<description>[Leftist Viennese Dude picture](https://LeftistVienneseDudes.info/dudes.html?datetime=2026-05-22T11:41:15&amp;file=IMG_3805.JPG) taken on 2026-05-22T11:41:15 at 45.646636,13.771044</description>
	<ExtendedData><SchemaData schemaUrl="#87e86746026560bba68eca80b62672f3">
		<SimpleData name="timestamp">2026/05/22 11:41:15</SimpleData>
		<SimpleData name="file">IMG_3805.JPG</SimpleData>
		<SimpleData name="picture">0274E6D8-7371-4F3F-B7DA-65C87958E0BB</SimpleData>
	</SchemaData></ExtendedData>
      <Point><coordinates>13.771044,45.646636</coordinates></Point>
  </Placemark>
  <Placemark>
	<name>2026/05/22 11:41:27</name>
	<description>[Leftist Viennese Dude picture](https://LeftistVienneseDudes.info/dudes.html?datetime=2026-05-22T11:41:27&amp;file=IMG_3806.JPG) taken on 2026-05-22T11:41:27 at 45.646683,13.770983</description>
	<ExtendedData><SchemaData schemaUrl="#87e86746026560bba68eca80b62672f3">
		<SimpleData name="timestamp">2026/05/22 11:41:27</SimpleData>
		<SimpleData name="file">IMG_3806.JPG</SimpleData>
		<SimpleData name="picture">AB95017E-6141-418E-A83A-380C862AC16C</SimpleData>
	</SchemaData></ExtendedData>
      <Point><coordinates>13.770983,45.646683</coordinates></Point>
  </Placemark>
  <Placemark>
	<name>2026/05/22 11:41:39</name>
	<description>[Leftist Viennese Dude picture](https://LeftistVienneseDudes.info/dudes.html?datetime=2026-05-22T11:41:39&amp;file=IMG_3807.JPG) taken on 2026-05-22T11:41:39 at 45.646675,13.770972</description>
	<ExtendedData><SchemaData schemaUrl="#87e86746026560bba68eca80b62672f3">
		<SimpleData name="timestamp">2026/05/22 11:41:39</SimpleData>
		<SimpleData name="file">IMG_3807.JPG</SimpleData>
		<SimpleData name="picture">59C18AEE-57D2-4815-83FE-CAFF2990D399</SimpleData>
	</SchemaData></ExtendedData>
      <Point><coordinates>13.770972,45.646675</coordinates></Point>
  </Placemark>
  <Placemark>
	<name>2026/06/16 13:02:28</name>
	<description>[Leftist Viennese Dude picture](https://LeftistVienneseDudes.info/dudes.html?datetime=2026-06-16T13:02:28&amp;file=IMG_3835.JPG) taken on 2026-06-16T13:02:28 at 48.185964,16.346728</description>
	<ExtendedData><SchemaData schemaUrl="#87e86746026560bba68eca80b62672f3">
		<SimpleData name="timestamp">2026/06/16 13:02:28</SimpleData>
		<SimpleData name="file">IMG_3835.JPG</SimpleData>
		<SimpleData name="picture">C3BA016F-281D-449E-9725-667E3E9C6785</SimpleData>
	</SchemaData></ExtendedData>
      <Point><coordinates>16.346728,48.185964</coordinates></Point>
  </Placemark>
  <Placemark>
	<name>2026/06/16 13:02:37</name>
	<description>[Leftist Viennese Dude picture](https://LeftistVienneseDudes.info/dudes.html?datetime=2026-06-16T13:02:37&amp;file=IMG_3836.JPG) taken on 2026-06-16T13:02:37 at 48.185969,16.346747</description>
	<ExtendedData><SchemaData schemaUrl="#87e86746026560bba68eca80b62672f3">
		<SimpleData name="timestamp">2026/06/16 13:02:37</SimpleData>
		<SimpleData name="file">IMG_3836.JPG</SimpleData>
		<SimpleData name="picture">65C878B8-5363-4D77-8F61-EF4499CB146F</SimpleData>
	</SchemaData></ExtendedData>
      <Point><coordinates>16.346747,48.185969</coordinates></Point>
  </Placemark>
  <Placemark>
	<name>2026/06/27 08:08:26</name>
	<description>[Leftist Viennese Dude picture](https://LeftistVienneseDudes.info/dudes.html?datetime=2026-06-27T08:08:26&amp;file=IMG_3848.JPG) taken on 2026-06-27T08:08:26 at 48.192372,16.341425</description>
	<ExtendedData><SchemaData schemaUrl="#87e86746026560bba68eca80b62672f3">
		<SimpleData name="timestamp">2026/06/27 08:08:26</SimpleData>
		<SimpleData name="file">IMG_3848.JPG</SimpleData>
		<SimpleData name="picture">CCD2E384-F1DA-427C-9358-10B7EB304A81</SimpleData>
	</SchemaData></ExtendedData>
      <Point><coordinates>16.341425,48.192372</coordinates></Point>
  </Placemark>
  <Placemark>
	<name>2026/07/10 13:28:11</name>
	<description>[Leftist Viennese Dude picture](https://LeftistVienneseDudes.info/dudes.html?datetime=2026-07-10T13:28:11&amp;file=IMG_3883.JPG) taken on 2026-07-10T13:28:11 at 48.219564,16.352767</description>
	<ExtendedData><SchemaData schemaUrl="#87e86746026560bba68eca80b62672f3">
		<SimpleData name="timestamp">2026/07/10 13:28:11</SimpleData>
		<SimpleData name="file">IMG_3883.JPG</SimpleData>
		<SimpleData name="picture">8A1FB24B-47B0-4BB8-ABFC-515E067934E3</SimpleData>
	</SchemaData></ExtendedData>
      <Point><coordinates>16.352767,48.219564</coordinates></Point>
  </Placemark>
  <Placemark>
	<name>2026/07/23 13:07:28</name>
	<description>[Leftist Viennese Dude picture](https://LeftistVienneseDudes.info/dudes.html?datetime=2026-07-23T13:07:28&amp;file=IMG_3900.JPG) taken on 2026-07-23T13:07:28 at 48.192186,16.342928</description>
	<ExtendedData><SchemaData schemaUrl="#87e86746026560bba68eca80b62672f3">
		<SimpleData name="timestamp">2026/07/23 13:07:28</SimpleData>
		<SimpleData name="file">IMG_3900.JPG</SimpleData>
		<SimpleData name="picture">CC45C2CF-6507-439C-863D-F3C915F6641E</SimpleData>
	</SchemaData></ExtendedData>
      <Point><coordinates>16.342928,48.192186</coordinates></Point>
  </Placemark>
  <Placemark>
	<name>2026/07/23 13:07:37</name>
	<description>[Leftist Viennese Dude picture](https://LeftistVienneseDudes.info/dudes.html?datetime=2026-07-23T13:07:37&amp;file=IMG_3901.JPG) taken on 2026-07-23T13:07:37 at 48.192172,16.342922</description>
	<ExtendedData><SchemaData schemaUrl="#87e86746026560bba68eca80b62672f3">
		<SimpleData name="timestamp">2026/07/23 13:07:37</SimpleData>
		<SimpleData name="file">IMG_3901.JPG</SimpleData>
		<SimpleData name="picture">D16DFD14-5F0D-496D-9AE5-DF45C153C242</SimpleData>
	</SchemaData></ExtendedData>
      <Point><coordinates>16.342922,48.192172</coordinates></Point>
  </Placemark>
  <Placemark>
	<name>2026/07/24 13:50:37</name>
	<description>[Leftist Viennese Dude picture](https://LeftistVienneseDudes.info/dudes.html?datetime=2026-07-24T13:50:37&amp;file=IMG_3902.JPG) taken on 2026-07-24T13:50:37 at 48.204286,16.394533</description>
	<ExtendedData><SchemaData schemaUrl="#87e86746026560bba68eca80b62672f3">
		<SimpleData name="timestamp">2026/07/24 13:50:37</SimpleData>
		<SimpleData name="file">IMG_3902.JPG</SimpleData>
		<SimpleData name="picture">C06ACF5D-9212-4BBD-B4D9-3C829B307722</SimpleData>
	</SchemaData></ExtendedData>
      <Point><coordinates>16.394533,48.204286</coordinates></Point>
  </Placemark>
  <Placemark>
	<name>2026/07/24 13:50:54</name>
	<description>[Leftist Viennese Dude picture](https://LeftistVienneseDudes.info/dudes.html?datetime=2026-07-24T13:50:54&amp;file=IMG_3903.JPG) taken on 2026-07-24T13:50:54 at 48.204244,16.394539</description>
	<ExtendedData><SchemaData schemaUrl="#87e86746026560bba68eca80b62672f3">
		<SimpleData name="timestamp">2026/07/24 13:50:54</SimpleData>
		<SimpleData name="file">IMG_3903.JPG</SimpleData>
		<SimpleData name="picture">C54B8002-B81F-4385-905B-94FF02BBD796</SimpleData>
	</SchemaData></ExtendedData>
      <Point><coordinates>16.394539,48.204244</coordinates></Point>
  </Placemark>
  <Placemark>
	<name>2026/07/24 13:56:45</name>
	<description>[Leftist Viennese Dude picture](https://LeftistVienneseDudes.info/dudes.html?datetime=2026-07-24T13:56:45&amp;file=IMG_3905.JPG) taken on 2026-07-24T13:56:45 at 48.206439,16.395278</description>
	<ExtendedData><SchemaData schemaUrl="#87e86746026560bba68eca80b62672f3">
		<SimpleData name="timestamp">2026/07/24 13:56:45</SimpleData>
		<SimpleData name="file">IMG_3905.JPG</SimpleData>
		<SimpleData name="picture">E3830E4D-DD5D-4634-9022-EE0C49582880</SimpleData>
	</SchemaData></ExtendedData>
      <Point><coordinates>16.395278,48.206439</coordinates></Point>
  </Placemark>
  <Placemark>
	<name>2026/07/24 13:57:03</name>
	<description>[Leftist Viennese Dude picture](https://LeftistVienneseDudes.info/dudes.html?datetime=2026-07-24T13:57:03&amp;file=IMG_3906.JPG) taken on 2026-07-24T13:57:03 at 48.206631,16.395264</description>
	<ExtendedData><SchemaData schemaUrl="#87e86746026560bba68eca80b62672f3">
		<SimpleData name="timestamp">2026/07/24 13:57:03</SimpleData>
		<SimpleData name="file">IMG_3906.JPG</SimpleData>
		<SimpleData name="picture">3AAAFFFB-91C2-407A-9692-B759E99AA3E3</SimpleData>
	</SchemaData></ExtendedData>
      <Point><coordinates>16.395264,48.206631</coordinates></Point>
  </Placemark>
  <Placemark>
	<name>2026/07/24 13:58:52</name>
	<description>[Leftist Viennese Dude picture](https://LeftistVienneseDudes.info/dudes.html?datetime=2026-07-24T13:58:52&amp;file=IMG_3907.JPG) taken on 2026-07-24T13:58:52 at 48.207547,16.394719</description>
	<ExtendedData><SchemaData schemaUrl="#87e86746026560bba68eca80b62672f3">
		<SimpleData name="timestamp">2026/07/24 13:58:52</SimpleData>
		<SimpleData name="file">IMG_3907.JPG</SimpleData>
		<SimpleData name="picture">CFDCA50F-3E7F-4C1F-9A41-6015949C9F92</SimpleData>
	</SchemaData></ExtendedData>
      <Point><coordinates>16.394719,48.207547</coordinates></Point>
  </Placemark>
  <Placemark>
	<name>2026/07/24 13:59:00</name>
	<description>[Leftist Viennese Dude picture](https://LeftistVienneseDudes.info/dudes.html?datetime=2026-07-24T13:59:00&amp;file=IMG_3908.JPG) taken on 2026-07-24T13:59:00 at 48.20755,16.394722</description>
	<ExtendedData><SchemaData schemaUrl="#87e86746026560bba68eca80b62672f3">
		<SimpleData name="timestamp">2026/07/24 13:59:00</SimpleData>
		<SimpleData name="file">IMG_3908.JPG</SimpleData>
		<SimpleData name="picture">26DFCD77-ECC1-4D8E-93C6-DF392E108294</SimpleData>
	</SchemaData></ExtendedData>
      <Point><coordinates>16.394722,48.20755</coordinates></Point>
  </Placemark>
  <Placemark>
	<name>2026/07/26 12:29:15</name>
	<description>[Leftist Viennese Dude picture](https://LeftistVienneseDudes.info/dudes.html?datetime=2026-07-26T12:29:15&amp;file=IMG_3915.JPG) taken on 2026-07-26T12:29:15 at 48.212256,16.35135</description>
	<ExtendedData><SchemaData schemaUrl="#87e86746026560bba68eca80b62672f3">
		<SimpleData name="timestamp">2026/07/26 12:29:15</SimpleData>
		<SimpleData name="file">IMG_3915.JPG</SimpleData>
		<SimpleData name="picture">AAC3A86F-0BDA-444F-8BCD-9F5BD74E5521</SimpleData>
	</SchemaData></ExtendedData>
      <Point><coordinates>16.35135,48.212256</coordinates></Point>
  </Placemark>
  <Placemark>
	<name>2026/07/26 12:29:28</name>
	<description>[Leftist Viennese Dude picture](https://LeftistVienneseDudes.info/dudes.html?datetime=2026-07-26T12:29:28&amp;file=IMG_3916.JPG) taken on 2026-07-26T12:29:28 at 48.212247,16.351339</description>
	<ExtendedData><SchemaData schemaUrl="#87e86746026560bba68eca80b62672f3">
		<SimpleData name="timestamp">2026/07/26 12:29:28</SimpleData>
		<SimpleData name="file">IMG_3916.JPG</SimpleData>
		<SimpleData name="picture">1A534BBB-4655-4F39-9F12-4C8A83DD644B</SimpleData>
	</SchemaData></ExtendedData>
      <Point><coordinates>16.351339,48.212247</coordinates></Point>
  </Placemark>
  <Placemark>
	<name>2026/07/26 12:37:00</name>
	<description>[Leftist Viennese Dude picture](https://LeftistVienneseDudes.info/dudes.html?datetime=2026-07-26T12:37:00&amp;file=IMG_3917.JPG) taken on 2026-07-26T12:37:00 at 48.207017,16.352867</description>
	<ExtendedData><SchemaData schemaUrl="#87e86746026560bba68eca80b62672f3">
		<SimpleData name="timestamp">2026/07/26 12:37:00</SimpleData>
		<SimpleData name="file">IMG_3917.JPG</SimpleData>
		<SimpleData name="picture">31A5E273-B81E-479D-AF1A-0CD7ED4FB72C</SimpleData>
	</SchemaData></ExtendedData>
      <Point><coordinates>16.352867,48.207017</coordinates></Point>
  </Placemark>
  <Placemark>
	<name>2026/07/28 13:46:00</name>
	<description>[Leftist Viennese Dude picture](https://LeftistVienneseDudes.info/dudes.html?datetime=2026-07-28T13:46:00&amp;file=IMG_3919.JPG) taken on 2026-07-28T13:46:00 at 48.192417,16.332672</description>
	<ExtendedData><SchemaData schemaUrl="#87e86746026560bba68eca80b62672f3">
		<SimpleData name="timestamp">2026/07/28 13:46:00</SimpleData>
		<SimpleData name="file">IMG_3919.JPG</SimpleData>
		<SimpleData name="picture">B248364F-6932-4499-8468-0FEB9FDC1FE3</SimpleData>
	</SchemaData></ExtendedData>
      <Point><coordinates>16.332672,48.192417</coordinates></Point>
  </Placemark>
  <Placemark>
	<name>2026/07/28 13:46:17</name>
	<description>[Leftist Viennese Dude picture](https://LeftistVienneseDudes.info/dudes.html?datetime=2026-07-28T13:46:17&amp;file=IMG_3920.JPG) taken on 2026-07-28T13:46:17 at 48.192936,16.331986</description>
	<ExtendedData><SchemaData schemaUrl="#87e86746026560bba68eca80b62672f3">
		<SimpleData name="timestamp">2026/07/28 13:46:17</SimpleData>
		<SimpleData name="file">IMG_3920.JPG</SimpleData>
		<SimpleData name="picture">E717CF3C-1A93-4C3E-81B0-ABD45E756B18</SimpleData>
	</SchemaData></ExtendedData>
      <Point><coordinates>16.331986,48.192936</coordinates></Point>
  </Placemark>
  <Placemark>
	<name>2026/07/28 13:57:12</name>
	<description>[Leftist Viennese Dude picture](https://LeftistVienneseDudes.info/dudes.html?datetime=2026-07-28T13:57:12&amp;file=IMG_3921.JPG) taken on 2026-07-28T13:57:12 at 48.193128,16.336828</description>
	<ExtendedData><SchemaData schemaUrl="#87e86746026560bba68eca80b62672f3">
		<SimpleData name="timestamp">2026/07/28 13:57:12</SimpleData>
		<SimpleData name="file">IMG_3921.JPG</SimpleData>
		<SimpleData name="picture">59D362B5-6367-4FFC-9B8E-5EF82444880F</SimpleData>
	</SchemaData></ExtendedData>
      <Point><coordinates>16.336828,48.193128</coordinates></Point>
  </Placemark>
  <Placemark>
	<name>2026/07/28 13:57:21</name>
	<description>[Leftist Viennese Dude picture](https://LeftistVienneseDudes.info/dudes.html?datetime=2026-07-28T13:57:21&amp;file=IMG_3922.JPG) taken on 2026-07-28T13:57:21 at 48.193056,16.336867</description>
	<ExtendedData><SchemaData schemaUrl="#87e86746026560bba68eca80b62672f3">
		<SimpleData name="timestamp">2026/07/28 13:57:21</SimpleData>
		<SimpleData name="file">IMG_3922.JPG</SimpleData>
		<SimpleData name="picture">13E04FC7-E335-4501-BB97-ED86B4F46D3C</SimpleData>
	</SchemaData></ExtendedData>
      <Point><coordinates>16.336867,48.193056</coordinates></Point>
  </Placemark>
  <Placemark>
	<name>2026/07/28 14:16:18</name>
	<description>[Leftist Viennese Dude picture](https://LeftistVienneseDudes.info/dudes.html?datetime=2026-07-28T14:16:18&amp;file=IMG_3923.JPG) taken on 2026-07-28T14:16:18 at 48.192108,16.335878</description>
	<ExtendedData><SchemaData schemaUrl="#87e86746026560bba68eca80b62672f3">
		<SimpleData name="timestamp">2026/07/28 14:16:18</SimpleData>
		<SimpleData name="file">IMG_3923.JPG</SimpleData>
		<SimpleData name="picture">10745DEC-943A-46D4-A407-563D7D7A9B98</SimpleData>
	</SchemaData></ExtendedData>
      <Point><coordinates>16.335878,48.192108</coordinates></Point>
  </Placemark>
  <Placemark>
	<name>2026/07/28 14:16:33</name>
	<description>[Leftist Viennese Dude picture](https://LeftistVienneseDudes.info/dudes.html?datetime=2026-07-28T14:16:33&amp;file=IMG_3924.JPG) taken on 2026-07-28T14:16:33 at 48.192108,16.336897</description>
	<ExtendedData><SchemaData schemaUrl="#87e86746026560bba68eca80b62672f3">
		<SimpleData name="timestamp">2026/07/28 14:16:33</SimpleData>
		<SimpleData name="file">IMG_3924.JPG</SimpleData>
		<SimpleData name="picture">CB2D1332-BAFE-41D5-BC04-BFC588026D69</SimpleData>
	</SchemaData></ExtendedData>
      <Point><coordinates>16.336897,48.192108</coordinates></Point>
  </Placemark>
  <Placemark>
	<name>2026/07/28 14:44:31</name>
	<description>[Leftist Viennese Dude picture](https://LeftistVienneseDudes.info/dudes.html?datetime=2026-07-28T14:44:31&amp;file=IMG_3925.JPG) taken on 2026-07-28T14:44:31 at 48.236042,16.354528</description>
	<ExtendedData><SchemaData schemaUrl="#87e86746026560bba68eca80b62672f3">
		<SimpleData name="timestamp">2026/07/28 14:44:31</SimpleData>
		<SimpleData name="file">IMG_3925.JPG</SimpleData>
		<SimpleData name="picture">CF468832-149A-4F09-99C2-99CB655FD0E5</SimpleData>
	</SchemaData></ExtendedData>
      <Point><coordinates>16.354528,48.236042</coordinates></Point>
  </Placemark>
  <Placemark>
	<name>2026/07/28 14:44:44</name>
	<description>[Leftist Viennese Dude picture](https://LeftistVienneseDudes.info/dudes.html?datetime=2026-07-28T14:44:44&amp;file=IMG_3926.JPG) taken on 2026-07-28T14:44:44 at 48.236028,16.354547</description>
	<ExtendedData><SchemaData schemaUrl="#87e86746026560bba68eca80b62672f3">
		<SimpleData name="timestamp">2026/07/28 14:44:44</SimpleData>
		<SimpleData name="file">IMG_3926.JPG</SimpleData>
		<SimpleData name="picture">4150FB90-E5A4-4FF8-93AA-CBF77EF8FC62</SimpleData>
	</SchemaData></ExtendedData>
      <Point><coordinates>16.354547,48.236028</coordinates></Point>
  </Placemark>
  <Placemark>
	<name>2026/07/28 14:46:19</name>
	<description>[Leftist Viennese Dude picture](https://LeftistVienneseDudes.info/dudes.html?datetime=2026-07-28T14:46:19&amp;file=IMG_3927.JPG) taken on 2026-07-28T14:46:19 at 48.235458,16.354369</description>
	<ExtendedData><SchemaData schemaUrl="#87e86746026560bba68eca80b62672f3">
		<SimpleData name="timestamp">2026/07/28 14:46:19</SimpleData>
		<SimpleData name="file">IMG_3927.JPG</SimpleData>
		<SimpleData name="picture">E14D617A-659D-41C0-8754-4F2107C996BB</SimpleData>
	</SchemaData></ExtendedData>
      <Point><coordinates>16.354369,48.235458</coordinates></Point>
  </Placemark>
  <Placemark>
	<name>2026/07/28 14:48:49</name>
	<description>[Leftist Viennese Dude picture](https://LeftistVienneseDudes.info/dudes.html?datetime=2026-07-28T14:48:49&amp;file=IMG_3928.JPG) taken on 2026-07-28T14:48:49 at 48.234928,16.3544</description>
	<ExtendedData><SchemaData schemaUrl="#87e86746026560bba68eca80b62672f3">
		<SimpleData name="timestamp">2026/07/28 14:48:49</SimpleData>
		<SimpleData name="file">IMG_3928.JPG</SimpleData>
		<SimpleData name="picture">58F135EA-C998-40EA-BA5B-92F99D669E2D</SimpleData>
	</SchemaData></ExtendedData>
      <Point><coordinates>16.3544,48.234928</coordinates></Point>
  </Placemark>
  <Placemark>
	<name>2026/07/28 14:48:59</name>
	<description>[Leftist Viennese Dude picture](https://LeftistVienneseDudes.info/dudes.html?datetime=2026-07-28T14:48:59&amp;file=IMG_3929.JPG) taken on 2026-07-28T14:48:59 at 48.234908,16.354475</description>
	<ExtendedData><SchemaData schemaUrl="#87e86746026560bba68eca80b62672f3">
		<SimpleData name="timestamp">2026/07/28 14:48:59</SimpleData>
		<SimpleData name="file">IMG_3929.JPG</SimpleData>
		<SimpleData name="picture">A994A3C4-5EE7-4C9C-B050-54BA8C43E4DB</SimpleData>
	</SchemaData></ExtendedData>
      <Point><coordinates>16.354475,48.234908</coordinates></Point>
  </Placemark>
  <Placemark>
	<name>2026/07/28 14:51:02</name>
	<description>[Leftist Viennese Dude picture](https://LeftistVienneseDudes.info/dudes.html?datetime=2026-07-28T14:51:02&amp;file=IMG_3930.JPG) taken on 2026-07-28T14:51:02 at 48.234158,16.353744</description>
	<ExtendedData><SchemaData schemaUrl="#87e86746026560bba68eca80b62672f3">
		<SimpleData name="timestamp">2026/07/28 14:51:02</SimpleData>
		<SimpleData name="file">IMG_3930.JPG</SimpleData>
		<SimpleData name="picture">4D13A94E-7EFB-4FC1-8EF0-9C8B4ED1CB1B</SimpleData>
	</SchemaData></ExtendedData>
      <Point><coordinates>16.353744,48.234158</coordinates></Point>
  </Placemark>
  <Placemark>
	<name>2026/07/28 14:51:11</name>
	<description>[Leftist Viennese Dude picture](https://LeftistVienneseDudes.info/dudes.html?datetime=2026-07-28T14:51:11&amp;file=IMG_3931.JPG) taken on 2026-07-28T14:51:11 at 48.234186,16.353692</description>
	<ExtendedData><SchemaData schemaUrl="#87e86746026560bba68eca80b62672f3">
		<SimpleData name="timestamp">2026/07/28 14:51:11</SimpleData>
		<SimpleData name="file">IMG_3931.JPG</SimpleData>
		<SimpleData name="picture">F39C03E9-8C34-41A5-B5C6-35E09DE3D2CC</SimpleData>
	</SchemaData></ExtendedData>
      <Point><coordinates>16.353692,48.234186</coordinates></Point>
  </Placemark>
  <Placemark>
	<name>2026/07/28 15:10:48</name>
	<description>[Leftist Viennese Dude picture](https://LeftistVienneseDudes.info/dudes.html?datetime=2026-07-28T15:10:48&amp;file=IMG_3932.JPG) taken on 2026-07-28T15:10:48 at 48.230747,16.348489</description>
	<ExtendedData><SchemaData schemaUrl="#87e86746026560bba68eca80b62672f3">
		<SimpleData name="timestamp">2026/07/28 15:10:48</SimpleData>
		<SimpleData name="file">IMG_3932.JPG</SimpleData>
		<SimpleData name="picture">C9A13D67-9819-450E-AAAC-D86A51F2C80E</SimpleData>
	</SchemaData></ExtendedData>
      <Point><coordinates>16.348489,48.230747</coordinates></Point>
  </Placemark>
  <Placemark>
	<name>2026/07/28 15:10:59</name>
	<description>[Leftist Viennese Dude picture](https://LeftistVienneseDudes.info/dudes.html?datetime=2026-07-28T15:10:59&amp;file=IMG_3933.JPG) taken on 2026-07-28T15:10:59 at 48.230767,16.348519</description>
	<ExtendedData><SchemaData schemaUrl="#87e86746026560bba68eca80b62672f3">
		<SimpleData name="timestamp">2026/07/28 15:10:59</SimpleData>
		<SimpleData name="file">IMG_3933.JPG</SimpleData>
		<SimpleData name="picture">A47711F3-D65E-4C0B-99B1-99EBA64EFDC7</SimpleData>
	</SchemaData></ExtendedData>
      <Point><coordinates>16.348519,48.230767</coordinates></Point>
  </Placemark>
  <Placemark>
	<name>2026/07/28 15:12:26</name>
	<description>[Leftist Viennese Dude picture](https://LeftistVienneseDudes.info/dudes.html?datetime=2026-07-28T15:12:26&amp;file=IMG_3934.JPG) taken on 2026-07-28T15:12:26 at 48.230619,16.347867</description>
	<ExtendedData><SchemaData schemaUrl="#87e86746026560bba68eca80b62672f3">
		<SimpleData name="timestamp">2026/07/28 15:12:26</SimpleData>
		<SimpleData name="file">IMG_3934.JPG</SimpleData>
		<SimpleData name="picture">22BE594F-FC5E-46A9-9E97-3F3F2DD2B11C</SimpleData>
	</SchemaData></ExtendedData>
      <Point><coordinates>16.347867,48.230619</coordinates></Point>
  </Placemark>
  <Placemark>
	<name>2026/07/28 15:12:34</name>
	<description>[Leftist Viennese Dude picture](https://LeftistVienneseDudes.info/dudes.html?datetime=2026-07-28T15:12:34&amp;file=IMG_3935.JPG) taken on 2026-07-28T15:12:34 at 48.230611,16.347861</description>
	<ExtendedData><SchemaData schemaUrl="#87e86746026560bba68eca80b62672f3">
		<SimpleData name="timestamp">2026/07/28 15:12:34</SimpleData>
		<SimpleData name="file">IMG_3935.JPG</SimpleData>
		<SimpleData name="picture">16B1AA1F-39B6-4BD7-A603-F436394BB43B</SimpleData>
	</SchemaData></ExtendedData>
      <Point><coordinates>16.347861,48.230611</coordinates></Point>
  </Placemark>
  <Placemark>
	<name>2026/07/28 15:14:17</name>
	<description>[Leftist Viennese Dude picture](https://LeftistVienneseDudes.info/dudes.html?datetime=2026-07-28T15:14:17&amp;file=IMG_3936.JPG) taken on 2026-07-28T15:14:17 at 48.230136,16.347753</description>
	<ExtendedData><SchemaData schemaUrl="#87e86746026560bba68eca80b62672f3">
		<SimpleData name="timestamp">2026/07/28 15:14:17</SimpleData>
		<SimpleData name="file">IMG_3936.JPG</SimpleData>
		<SimpleData name="picture">6CDA097D-C237-4092-AE17-F88EB10E36E8</SimpleData>
	</SchemaData></ExtendedData>
      <Point><coordinates>16.347753,48.230136</coordinates></Point>
  </Placemark>
  <Placemark>
	<name>2026/07/28 15:14:39</name>
	<description>[Leftist Viennese Dude picture](https://LeftistVienneseDudes.info/dudes.html?datetime=2026-07-28T15:14:39&amp;file=IMG_3937.JPG) taken on 2026-07-28T15:14:39 at 48.229803,16.347761</description>
	<ExtendedData><SchemaData schemaUrl="#87e86746026560bba68eca80b62672f3">
		<SimpleData name="timestamp">2026/07/28 15:14:39</SimpleData>
		<SimpleData name="file">IMG_3937.JPG</SimpleData>
		<SimpleData name="picture">34E4AF89-9197-404E-A819-5F0925D1918F</SimpleData>
	</SchemaData></ExtendedData>
      <Point><coordinates>16.347761,48.229803</coordinates></Point>
  </Placemark>
  <Placemark>
	<name>2026/07/28 15:22:52</name>
	<description>[Leftist Viennese Dude picture](https://LeftistVienneseDudes.info/dudes.html?datetime=2026-07-28T15:22:52&amp;file=IMG_3938.JPG) taken on 2026-07-28T15:22:52 at 48.229631,16.347792</description>
	<ExtendedData><SchemaData schemaUrl="#87e86746026560bba68eca80b62672f3">
		<SimpleData name="timestamp">2026/07/28 15:22:52</SimpleData>
		<SimpleData name="file">IMG_3938.JPG</SimpleData>
		<SimpleData name="picture">FEB392AC-709E-4183-ACD0-31117ECAC3D2</SimpleData>
	</SchemaData></ExtendedData>
      <Point><coordinates>16.347792,48.229631</coordinates></Point>
  </Placemark>
  <Placemark>
	<name>2026/07/28 15:23:15</name>
	<description>[Leftist Viennese Dude picture](https://LeftistVienneseDudes.info/dudes.html?datetime=2026-07-28T15:23:15&amp;file=IMG_3939.JPG) taken on 2026-07-28T15:23:15 at 48.228961,16.347056</description>
	<ExtendedData><SchemaData schemaUrl="#87e86746026560bba68eca80b62672f3">
		<SimpleData name="timestamp">2026/07/28 15:23:15</SimpleData>
		<SimpleData name="file">IMG_3939.JPG</SimpleData>
		<SimpleData name="picture">7AC799CC-2982-4A2E-80EC-5EBCB6988E8A</SimpleData>
	</SchemaData></ExtendedData>
      <Point><coordinates>16.347056,48.228961</coordinates></Point>
  </Placemark>
  <Placemark>
	<name>2026/07/28 15:23:34</name>
	<description>[Leftist Viennese Dude picture](https://LeftistVienneseDudes.info/dudes.html?datetime=2026-07-28T15:23:34&amp;file=IMG_3940.JPG) taken on 2026-07-28T15:23:34 at 48.228844,16.346933</description>
	<ExtendedData><SchemaData schemaUrl="#87e86746026560bba68eca80b62672f3">
		<SimpleData name="timestamp">2026/07/28 15:23:34</SimpleData>
		<SimpleData name="file">IMG_3940.JPG</SimpleData>
		<SimpleData name="picture">E6FF099E-C8A8-4B1B-BF5B-CEC9E3059706</SimpleData>
	</SchemaData></ExtendedData>
      <Point><coordinates>16.346933,48.228844</coordinates></Point>
  </Placemark>
  <Placemark>
	<name>2026/07/28 15:26:09</name>
	<description>[Leftist Viennese Dude picture](https://LeftistVienneseDudes.info/dudes.html?datetime=2026-07-28T15:26:09&amp;file=IMG_3941.JPG) taken on 2026-07-28T15:26:09 at 48.229069,16.346558</description>
	<ExtendedData><SchemaData schemaUrl="#87e86746026560bba68eca80b62672f3">
		<SimpleData name="timestamp">2026/07/28 15:26:09</SimpleData>
		<SimpleData name="file">IMG_3941.JPG</SimpleData>
		<SimpleData name="picture">8D8F6EA5-67C9-4C93-A427-41488C68586F</SimpleData>
	</SchemaData></ExtendedData>
      <Point><coordinates>16.346558,48.229069</coordinates></Point>
  </Placemark>
  <Placemark>
	<name>2026/07/28 15:26:22</name>
	<description>[Leftist Viennese Dude picture](https://LeftistVienneseDudes.info/dudes.html?datetime=2026-07-28T15:26:22&amp;file=IMG_3942.JPG) taken on 2026-07-28T15:26:22 at 48.229069,16.346558</description>
	<ExtendedData><SchemaData schemaUrl="#87e86746026560bba68eca80b62672f3">
		<SimpleData name="timestamp">2026/07/28 15:26:22</SimpleData>
		<SimpleData name="file">IMG_3942.JPG</SimpleData>
		<SimpleData name="picture">8A246DA3-9CB1-47B3-950E-511066096449</SimpleData>
	</SchemaData></ExtendedData>
      <Point><coordinates>16.346558,48.229069</coordinates></Point>
  </Placemark>
  <Placemark>
	<name>2026/07/28 15:28:46</name>
	<description>[Leftist Viennese Dude picture](https://LeftistVienneseDudes.info/dudes.html?datetime=2026-07-28T15:28:46&amp;file=IMG_3943.JPG) taken on 2026-07-28T15:28:46 at 48.228694,16.345494</description>
	<ExtendedData><SchemaData schemaUrl="#87e86746026560bba68eca80b62672f3">
		<SimpleData name="timestamp">2026/07/28 15:28:46</SimpleData>
		<SimpleData name="file">IMG_3943.JPG</SimpleData>
		<SimpleData name="picture">28C478AB-54B6-477C-BD1B-545CA27E99F6</SimpleData>
	</SchemaData></ExtendedData>
      <Point><coordinates>16.345494,48.228694</coordinates></Point>
  </Placemark>
  <Placemark>
	<name>2026/07/28 15:28:53</name>
	<description>[Leftist Viennese Dude picture](https://LeftistVienneseDudes.info/dudes.html?datetime=2026-07-28T15:28:53&amp;file=IMG_3944.JPG) taken on 2026-07-28T15:28:53 at 48.227086,16.344697</description>
	<ExtendedData><SchemaData schemaUrl="#87e86746026560bba68eca80b62672f3">
		<SimpleData name="timestamp">2026/07/28 15:28:53</SimpleData>
		<SimpleData name="file">IMG_3944.JPG</SimpleData>
		<SimpleData name="picture">362A4375-9C86-4F7C-800D-82F12CF30FAA</SimpleData>
	</SchemaData></ExtendedData>
      <Point><coordinates>16.344697,48.227086</coordinates></Point>
  </Placemark>
  <Placemark>
	<name>2026/07/28 15:36:12</name>
	<description>[Leftist Viennese Dude picture](https://LeftistVienneseDudes.info/dudes.html?datetime=2026-07-28T15:36:12&amp;file=IMG_3945.JPG) taken on 2026-07-28T15:36:12 at 48.223381,16.345075</description>
	<ExtendedData><SchemaData schemaUrl="#87e86746026560bba68eca80b62672f3">
		<SimpleData name="timestamp">2026/07/28 15:36:12</SimpleData>
		<SimpleData name="file">IMG_3945.JPG</SimpleData>
		<SimpleData name="picture">65F29D38-E565-44BE-B6BD-35791B1B3E75</SimpleData>
	</SchemaData></ExtendedData>
      <Point><coordinates>16.345075,48.223381</coordinates></Point>
  </Placemark>
  <Placemark>
	<name>2026/07/28 15:36:46</name>
	<description>[Leftist Viennese Dude picture](https://LeftistVienneseDudes.info/dudes.html?datetime=2026-07-28T15:36:46&amp;file=IMG_3946.JPG) taken on 2026-07-28T15:36:46 at 48.223328,16.345003</description>
	<ExtendedData><SchemaData schemaUrl="#87e86746026560bba68eca80b62672f3">
		<SimpleData name="timestamp">2026/07/28 15:36:46</SimpleData>
		<SimpleData name="file">IMG_3946.JPG</SimpleData>
		<SimpleData name="picture">DB224C88-6F55-49A3-8C47-A0BFA6BDCA02</SimpleData>
	</SchemaData></ExtendedData>
      <Point><coordinates>16.345003,48.223328</coordinates></Point>
  </Placemark>
  <Placemark>
	<name>2026/07/28 15:44:58</name>
	<description>[Leftist Viennese Dude picture](https://LeftistVienneseDudes.info/dudes.html?datetime=2026-07-28T15:44:58&amp;file=IMG_3947.JPG) taken on 2026-07-28T15:44:58 at 48.221989,16.341697</description>
	<ExtendedData><SchemaData schemaUrl="#87e86746026560bba68eca80b62672f3">
		<SimpleData name="timestamp">2026/07/28 15:44:58</SimpleData>
		<SimpleData name="file">IMG_3947.JPG</SimpleData>
		<SimpleData name="picture">E38C0D1D-9EB6-40E0-B4C2-234C178DB46E</SimpleData>
	</SchemaData></ExtendedData>
      <Point><coordinates>16.341697,48.221989</coordinates></Point>
  </Placemark>
  <Placemark>
	<name>2026/07/28 15:45:12</name>
	<description>[Leftist Viennese Dude picture](https://LeftistVienneseDudes.info/dudes.html?datetime=2026-07-28T15:45:12&amp;file=IMG_3948.JPG) taken on 2026-07-28T15:45:12 at 48.221989,16.341697</description>
	<ExtendedData><SchemaData schemaUrl="#87e86746026560bba68eca80b62672f3">
		<SimpleData name="timestamp">2026/07/28 15:45:12</SimpleData>
		<SimpleData name="file">IMG_3948.JPG</SimpleData>
		<SimpleData name="picture">E6F55139-8E16-4D7A-8E19-E4B9F3C39924</SimpleData>
	</SchemaData></ExtendedData>
      <Point><coordinates>16.341697,48.221989</coordinates></Point>
  </Placemark>
  <Placemark>
	<name>2026/07/28 15:45:25</name>
	<description>[Leftist Viennese Dude picture](https://LeftistVienneseDudes.info/dudes.html?datetime=2026-07-28T15:45:25&amp;file=IMG_3949.JPG) taken on 2026-07-28T15:45:25 at 48.221275,16.342328</description>
	<ExtendedData><SchemaData schemaUrl="#87e86746026560bba68eca80b62672f3">
		<SimpleData name="timestamp">2026/07/28 15:45:25</SimpleData>
		<SimpleData name="file">IMG_3949.JPG</SimpleData>
		<SimpleData name="picture">5C39E2CE-C94B-498C-9570-D706379D96C3</SimpleData>
	</SchemaData></ExtendedData>
      <Point><coordinates>16.342328,48.221275</coordinates></Point>
  </Placemark>
  <Placemark>
	<name>2026/07/28 15:46:15</name>
	<description>[Leftist Viennese Dude picture](https://LeftistVienneseDudes.info/dudes.html?datetime=2026-07-28T15:46:15&amp;file=IMG_3950.JPG) taken on 2026-07-28T15:46:15 at 48.221494,16.342033</description>
	<ExtendedData><SchemaData schemaUrl="#87e86746026560bba68eca80b62672f3">
		<SimpleData name="timestamp">2026/07/28 15:46:15</SimpleData>
		<SimpleData name="file">IMG_3950.JPG</SimpleData>
		<SimpleData name="picture">3821C88E-DF87-4876-8EEF-A3F46D297638</SimpleData>
	</SchemaData></ExtendedData>
      <Point><coordinates>16.342033,48.221494</coordinates></Point>
  </Placemark>
  <Placemark>
	<name>2026/07/29 11:29:15</name>
	<description>[Leftist Viennese Dude picture](https://LeftistVienneseDudes.info/dudes.html?datetime=2026-07-29T11:29:15&amp;file=IMG_3951.JPG) taken on 2026-07-29T11:29:15 at 48.213714,16.368581</description>
	<ExtendedData><SchemaData schemaUrl="#87e86746026560bba68eca80b62672f3">
		<SimpleData name="timestamp">2026/07/29 11:29:15</SimpleData>
		<SimpleData name="file">IMG_3951.JPG</SimpleData>
		<SimpleData name="picture">E1D8DFB4-70D6-4045-8787-12AF219ECB9B</SimpleData>
	</SchemaData></ExtendedData>
      <Point><coordinates>16.368581,48.213714</coordinates></Point>
  </Placemark>
  <Placemark>
	<name>2026/07/29 11:29:23</name>
	<description>[Leftist Viennese Dude picture](https://LeftistVienneseDudes.info/dudes.html?datetime=2026-07-29T11:29:23&amp;file=IMG_3952.JPG) taken on 2026-07-29T11:29:23 at 48.213775,16.368514</description>
	<ExtendedData><SchemaData schemaUrl="#87e86746026560bba68eca80b62672f3">
		<SimpleData name="timestamp">2026/07/29 11:29:23</SimpleData>
		<SimpleData name="file">IMG_3952.JPG</SimpleData>
		<SimpleData name="picture">47FBC043-5A98-4E83-A92A-8C0DB5B4939E</SimpleData>
	</SchemaData></ExtendedData>
      <Point><coordinates>16.368514,48.213775</coordinates></Point>
  </Placemark>
  <Placemark>
	<name>2026/07/29 12:21:42</name>
	<description>[Leftist Viennese Dude picture](https://LeftistVienneseDudes.info/dudes.html?datetime=2026-07-29T12:21:42&amp;file=IMG_3953.JPG) taken on 2026-07-29T12:21:42 at 48.226158,16.358672</description>
	<ExtendedData><SchemaData schemaUrl="#87e86746026560bba68eca80b62672f3">
		<SimpleData name="timestamp">2026/07/29 12:21:42</SimpleData>
		<SimpleData name="file">IMG_3953.JPG</SimpleData>
		<SimpleData name="picture">1EF12299-7F98-4644-87B2-2B0EF827C5F4</SimpleData>
	</SchemaData></ExtendedData>
      <Point><coordinates>16.358672,48.226158</coordinates></Point>
  </Placemark>
  <Placemark>
	<name>2026/07/29 12:21:54</name>
	<description>[Leftist Viennese Dude picture](https://LeftistVienneseDudes.info/dudes.html?datetime=2026-07-29T12:21:54&amp;file=IMG_3954.JPG) taken on 2026-07-29T12:21:54 at 48.226164,16.358689</description>
	<ExtendedData><SchemaData schemaUrl="#87e86746026560bba68eca80b62672f3">
		<SimpleData name="timestamp">2026/07/29 12:21:54</SimpleData>
		<SimpleData name="file">IMG_3954.JPG</SimpleData>
		<SimpleData name="picture">6953501F-9385-413D-9B68-F217CA25306D</SimpleData>
	</SchemaData></ExtendedData>
      <Point><coordinates>16.358689,48.226164</coordinates></Point>
  </Placemark>
  <Placemark>
	<name>2026/07/29 12:23:43</name>
	<description>[Leftist Viennese Dude picture](https://LeftistVienneseDudes.info/dudes.html?datetime=2026-07-29T12:23:43&amp;file=IMG_3955.JPG) taken on 2026-07-29T12:23:43 at 48.225939,16.359483</description>
	<ExtendedData><SchemaData schemaUrl="#87e86746026560bba68eca80b62672f3">
		<SimpleData name="timestamp">2026/07/29 12:23:43</SimpleData>
		<SimpleData name="file">IMG_3955.JPG</SimpleData>
		<SimpleData name="picture">69E9C3CF-F2EE-4DAE-85C9-A029F177C85F</SimpleData>
	</SchemaData></ExtendedData>
      <Point><coordinates>16.359483,48.225939</coordinates></Point>
  </Placemark>
  <Placemark>
	<name>2026/07/29 12:23:54</name>
	<description>[Leftist Viennese Dude picture](https://LeftistVienneseDudes.info/dudes.html?datetime=2026-07-29T12:23:54&amp;file=IMG_3956.JPG) taken on 2026-07-29T12:23:54 at 48.225914,16.359417</description>
	<ExtendedData><SchemaData schemaUrl="#87e86746026560bba68eca80b62672f3">
		<SimpleData name="timestamp">2026/07/29 12:23:54</SimpleData>
		<SimpleData name="file">IMG_3956.JPG</SimpleData>
		<SimpleData name="picture">BFFC604A-2B7B-4A95-AB14-C4B28FC040CA</SimpleData>
	</SchemaData></ExtendedData>
      <Point><coordinates>16.359417,48.225914</coordinates></Point>
  </Placemark>
  <Placemark>
	<name>2026/07/29 12:31:52</name>
	<description>[Leftist Viennese Dude picture](https://LeftistVienneseDudes.info/dudes.html?datetime=2026-07-29T12:31:52&amp;file=IMG_3957.JPG) taken on 2026-07-29T12:31:52 at 48.226875,16.362781</description>
	<ExtendedData><SchemaData schemaUrl="#87e86746026560bba68eca80b62672f3">
		<SimpleData name="timestamp">2026/07/29 12:31:52</SimpleData>
		<SimpleData name="file">IMG_3957.JPG</SimpleData>
		<SimpleData name="picture">D40A6739-7F8F-453A-A1E0-50BB6B919AFA</SimpleData>
	</SchemaData></ExtendedData>
      <Point><coordinates>16.362781,48.226875</coordinates></Point>
  </Placemark>
  <Placemark>
	<name>2026/07/29 12:32:11</name>
	<description>[Leftist Viennese Dude picture](https://LeftistVienneseDudes.info/dudes.html?datetime=2026-07-29T12:32:11&amp;file=IMG_3958.JPG) taken on 2026-07-29T12:32:11 at 48.226864,16.362811</description>
	<ExtendedData><SchemaData schemaUrl="#87e86746026560bba68eca80b62672f3">
		<SimpleData name="timestamp">2026/07/29 12:32:11</SimpleData>
		<SimpleData name="file">IMG_3958.JPG</SimpleData>
		<SimpleData name="picture">DCF31834-5F3B-4EA4-8816-03F123098ABA</SimpleData>
	</SchemaData></ExtendedData>
      <Point><coordinates>16.362811,48.226864</coordinates></Point>
  </Placemark>
  <Placemark>
	<name>2026/07/29 12:37:25</name>
	<description>[Leftist Viennese Dude picture](https://LeftistVienneseDudes.info/dudes.html?datetime=2026-07-29T12:37:25&amp;file=IMG_3959.JPG) taken on 2026-07-29T12:37:25 at 48.227356,16.367381</description>
	<ExtendedData><SchemaData schemaUrl="#87e86746026560bba68eca80b62672f3">
		<SimpleData name="timestamp">2026/07/29 12:37:25</SimpleData>
		<SimpleData name="file">IMG_3959.JPG</SimpleData>
		<SimpleData name="picture">3DB8F647-E16C-42EE-86CF-3AC4046D8425</SimpleData>
	</SchemaData></ExtendedData>
      <Point><coordinates>16.367381,48.227356</coordinates></Point>
  </Placemark>
  <Placemark>
	<name>2026/07/29 12:37:33</name>
	<description>[Leftist Viennese Dude picture](https://LeftistVienneseDudes.info/dudes.html?datetime=2026-07-29T12:37:33&amp;file=IMG_3960.JPG) taken on 2026-07-29T12:37:33 at 48.227339,16.367433</description>
	<ExtendedData><SchemaData schemaUrl="#87e86746026560bba68eca80b62672f3">
		<SimpleData name="timestamp">2026/07/29 12:37:33</SimpleData>
		<SimpleData name="file">IMG_3960.JPG</SimpleData>
		<SimpleData name="picture">68654885-DB7A-45C7-9D63-350FB6B4A420</SimpleData>
	</SchemaData></ExtendedData>
      <Point><coordinates>16.367433,48.227339</coordinates></Point>
  </Placemark>
  <Placemark>
	<name>2026/07/29 12:53:44</name>
	<description>[Leftist Viennese Dude picture](https://LeftistVienneseDudes.info/dudes.html?datetime=2026-07-29T12:53:44&amp;file=IMG_3961.JPG) taken on 2026-07-29T12:53:44 at 48.229397,16.368731</description>
	<ExtendedData><SchemaData schemaUrl="#87e86746026560bba68eca80b62672f3">
		<SimpleData name="timestamp">2026/07/29 12:53:44</SimpleData>
		<SimpleData name="file">IMG_3961.JPG</SimpleData>
		<SimpleData name="picture">1838AF3B-8F17-47CA-B7A9-398A4F00175A</SimpleData>
	</SchemaData></ExtendedData>
      <Point><coordinates>16.368731,48.229397</coordinates></Point>
  </Placemark>
  <Placemark>
	<name>2026/07/29 12:53:56</name>
	<description>[Leftist Viennese Dude picture](https://LeftistVienneseDudes.info/dudes.html?datetime=2026-07-29T12:53:56&amp;file=IMG_3962.JPG) taken on 2026-07-29T12:53:56 at 48.229397,16.368736</description>
	<ExtendedData><SchemaData schemaUrl="#87e86746026560bba68eca80b62672f3">
		<SimpleData name="timestamp">2026/07/29 12:53:56</SimpleData>
		<SimpleData name="file">IMG_3962.JPG</SimpleData>
		<SimpleData name="picture">0AC18E17-E149-4E3F-B1D7-499DC838F8D6</SimpleData>
	</SchemaData></ExtendedData>
      <Point><coordinates>16.368736,48.229397</coordinates></Point>
  </Placemark>
  <Placemark>
	<name>2026/07/29 12:57:18</name>
	<description>[Leftist Viennese Dude picture](https://LeftistVienneseDudes.info/dudes.html?datetime=2026-07-29T12:57:18&amp;file=IMG_3963.JPG) taken on 2026-07-29T12:57:18 at 48.228961,16.370336</description>
	<ExtendedData><SchemaData schemaUrl="#87e86746026560bba68eca80b62672f3">
		<SimpleData name="timestamp">2026/07/29 12:57:18</SimpleData>
		<SimpleData name="file">IMG_3963.JPG</SimpleData>
		<SimpleData name="picture">C7862C3A-496A-45F9-92DD-2C12636DD475</SimpleData>
	</SchemaData></ExtendedData>
      <Point><coordinates>16.370336,48.228961</coordinates></Point>
  </Placemark>
  <Placemark>
	<name>2026/07/29 12:57:30</name>
	<description>[Leftist Viennese Dude picture](https://LeftistVienneseDudes.info/dudes.html?datetime=2026-07-29T12:57:30&amp;file=IMG_3964.JPG) taken on 2026-07-29T12:57:30 at 48.228972,16.370289</description>
	<ExtendedData><SchemaData schemaUrl="#87e86746026560bba68eca80b62672f3">
		<SimpleData name="timestamp">2026/07/29 12:57:30</SimpleData>
		<SimpleData name="file">IMG_3964.JPG</SimpleData>
		<SimpleData name="picture">4252BD2C-DD34-4CDA-B844-B872F63204AB</SimpleData>
	</SchemaData></ExtendedData>
      <Point><coordinates>16.370289,48.228972</coordinates></Point>
  </Placemark>
  <Placemark>
	<name>2026/07/29 12:58:46</name>
	<description>[Leftist Viennese Dude picture](https://LeftistVienneseDudes.info/dudes.html?datetime=2026-07-29T12:58:46&amp;file=IMG_3965.JPG) taken on 2026-07-29T12:58:46 at 48.228978,16.370511</description>
	<ExtendedData><SchemaData schemaUrl="#87e86746026560bba68eca80b62672f3">
		<SimpleData name="timestamp">2026/07/29 12:58:46</SimpleData>
		<SimpleData name="file">IMG_3965.JPG</SimpleData>
		<SimpleData name="picture">49AA9FEB-F149-4BF6-87B0-CA130BD20B44</SimpleData>
	</SchemaData></ExtendedData>
      <Point><coordinates>16.370511,48.228978</coordinates></Point>
  </Placemark>
  <Placemark>
	<name>2026/07/29 13:03:47</name>
	<description>[Leftist Viennese Dude picture](https://LeftistVienneseDudes.info/dudes.html?datetime=2026-07-29T13:03:47&amp;file=IMG_3966.JPG) taken on 2026-07-29T13:03:47 at 48.228656,16.371697</description>
	<ExtendedData><SchemaData schemaUrl="#87e86746026560bba68eca80b62672f3">
		<SimpleData name="timestamp">2026/07/29 13:03:47</SimpleData>
		<SimpleData name="file">IMG_3966.JPG</SimpleData>
		<SimpleData name="picture">BA81B86C-32DC-457E-9EBE-250550262EF0</SimpleData>
	</SchemaData></ExtendedData>
      <Point><coordinates>16.371697,48.228656</coordinates></Point>
  </Placemark>
  <Placemark>
	<name>2026/07/29 13:03:57</name>
	<description>[Leftist Viennese Dude picture](https://LeftistVienneseDudes.info/dudes.html?datetime=2026-07-29T13:03:57&amp;file=IMG_3967.JPG) taken on 2026-07-29T13:03:57 at 48.228694,16.371717</description>
	<ExtendedData><SchemaData schemaUrl="#87e86746026560bba68eca80b62672f3">
		<SimpleData name="timestamp">2026/07/29 13:03:57</SimpleData>
		<SimpleData name="file">IMG_3967.JPG</SimpleData>
		<SimpleData name="picture">CC0471BE-F5B8-41A3-97DC-7A24E1E78D8C</SimpleData>
	</SchemaData></ExtendedData>
      <Point><coordinates>16.371717,48.228694</coordinates></Point>
  </Placemark>
  <Placemark>
	<name>2026/07/29 13:04:37</name>
	<description>[Leftist Viennese Dude picture](https://LeftistVienneseDudes.info/dudes.html?datetime=2026-07-29T13:04:37&amp;file=IMG_3968.JPG) taken on 2026-07-29T13:04:37 at 48.228669,16.372111</description>
	<ExtendedData><SchemaData schemaUrl="#87e86746026560bba68eca80b62672f3">
		<SimpleData name="timestamp">2026/07/29 13:04:37</SimpleData>
		<SimpleData name="file">IMG_3968.JPG</SimpleData>
		<SimpleData name="picture">04A76A87-BC73-4175-AC4A-F2753A2BC911</SimpleData>
	</SchemaData></ExtendedData>
      <Point><coordinates>16.372111,48.228669</coordinates></Point>
  </Placemark>
  <Placemark>
	<name>2026/07/29 13:04:48</name>
	<description>[Leftist Viennese Dude picture](https://LeftistVienneseDudes.info/dudes.html?datetime=2026-07-29T13:04:48&amp;file=IMG_3969.JPG) taken on 2026-07-29T13:04:48 at 48.228669,16.372094</description>
	<ExtendedData><SchemaData schemaUrl="#87e86746026560bba68eca80b62672f3">
		<SimpleData name="timestamp">2026/07/29 13:04:48</SimpleData>
		<SimpleData name="file">IMG_3969.JPG</SimpleData>
		<SimpleData name="picture">62F543C6-3977-4FCC-94E9-AE0A0C2E2CED</SimpleData>
	</SchemaData></ExtendedData>
      <Point><coordinates>16.372094,48.228669</coordinates></Point>
  </Placemark>
  <Placemark>
	<name>2026/07/29 13:11:06</name>
	<description>[Leftist Viennese Dude picture](https://LeftistVienneseDudes.info/dudes.html?datetime=2026-07-29T13:11:06&amp;file=IMG_3970.JPG) taken on 2026-07-29T13:11:06 at 48.228314,16.370439</description>
	<ExtendedData><SchemaData schemaUrl="#87e86746026560bba68eca80b62672f3">
		<SimpleData name="timestamp">2026/07/29 13:11:06</SimpleData>
		<SimpleData name="file">IMG_3970.JPG</SimpleData>
		<SimpleData name="picture">F281A0FF-6F0C-4D6E-9119-BB93E62D4F70</SimpleData>
	</SchemaData></ExtendedData>
      <Point><coordinates>16.370439,48.228314</coordinates></Point>
  </Placemark>
  <Placemark>
	<name>2026/07/29 13:11:13</name>
	<description>[Leftist Viennese Dude picture](https://LeftistVienneseDudes.info/dudes.html?datetime=2026-07-29T13:11:13&amp;file=IMG_3971.JPG) taken on 2026-07-29T13:11:13 at 48.228336,16.370381</description>
	<ExtendedData><SchemaData schemaUrl="#87e86746026560bba68eca80b62672f3">
		<SimpleData name="timestamp">2026/07/29 13:11:13</SimpleData>
		<SimpleData name="file">IMG_3971.JPG</SimpleData>
		<SimpleData name="picture">26F83433-8D70-4AC4-A3DC-EC8E35EBDCAA</SimpleData>
	</SchemaData></ExtendedData>
      <Point><coordinates>16.370381,48.228336</coordinates></Point>
  </Placemark>
  <Placemark>
	<name>2026/07/29 13:11:58</name>
	<description>[Leftist Viennese Dude picture](https://LeftistVienneseDudes.info/dudes.html?datetime=2026-07-29T13:11:58&amp;file=IMG_3972.JPG) taken on 2026-07-29T13:11:58 at 48.228356,16.369969</description>
	<ExtendedData><SchemaData schemaUrl="#87e86746026560bba68eca80b62672f3">
		<SimpleData name="timestamp">2026/07/29 13:11:58</SimpleData>
		<SimpleData name="file">IMG_3972.JPG</SimpleData>
		<SimpleData name="picture">101B1D2E-12BB-4046-8425-0B3EEBC508FA</SimpleData>
	</SchemaData></ExtendedData>
      <Point><coordinates>16.369969,48.228356</coordinates></Point>
  </Placemark>
  <Placemark>
	<name>2026/07/29 13:12:06</name>
	<description>[Leftist Viennese Dude picture](https://LeftistVienneseDudes.info/dudes.html?datetime=2026-07-29T13:12:06&amp;file=IMG_3973.JPG) taken on 2026-07-29T13:12:06 at 48.228397,16.369889</description>
	<ExtendedData><SchemaData schemaUrl="#87e86746026560bba68eca80b62672f3">
		<SimpleData name="timestamp">2026/07/29 13:12:06</SimpleData>
		<SimpleData name="file">IMG_3973.JPG</SimpleData>
		<SimpleData name="picture">FC789CAC-8288-4C80-B1A8-70953B72F094</SimpleData>
	</SchemaData></ExtendedData>
      <Point><coordinates>16.369889,48.228397</coordinates></Point>
  </Placemark>
  <Placemark>
	<name>2026/07/30 12:33:28</name>
	<description>[Leftist Viennese Dude picture](https://LeftistVienneseDudes.info/dudes.html?datetime=2026-07-30T12:33:28&amp;file=IMG_3981.JPG) taken on 2026-07-30T12:33:28 at 48.182878,16.331969</description>
	<ExtendedData><SchemaData schemaUrl="#87e86746026560bba68eca80b62672f3">
		<SimpleData name="timestamp">2026/07/30 12:33:28</SimpleData>
		<SimpleData name="file">IMG_3981.JPG</SimpleData>
		<SimpleData name="picture">0A78E040-A25B-4C4F-BC30-FF65D913F14F</SimpleData>
	</SchemaData></ExtendedData>
      <Point><coordinates>16.331969,48.182878</coordinates></Point>
  </Placemark>
  <Placemark>
	<name>2026/07/30 12:33:35</name>
	<description>[Leftist Viennese Dude picture](https://LeftistVienneseDudes.info/dudes.html?datetime=2026-07-30T12:33:35&amp;file=IMG_3982.JPG) taken on 2026-07-30T12:33:35 at 48.182969,16.331828</description>
	<ExtendedData><SchemaData schemaUrl="#87e86746026560bba68eca80b62672f3">
		<SimpleData name="timestamp">2026/07/30 12:33:35</SimpleData>
		<SimpleData name="file">IMG_3982.JPG</SimpleData>
		<SimpleData name="picture">E32584B8-A7F8-449F-A6BF-8DA4202A439F</SimpleData>
	</SchemaData></ExtendedData>
      <Point><coordinates>16.331828,48.182969</coordinates></Point>
  </Placemark>
  <Placemark>
	<name>2026/07/30 12:39:53</name>
	<description>[Leftist Viennese Dude picture](https://LeftistVienneseDudes.info/dudes.html?datetime=2026-07-30T12:39:53&amp;file=IMG_3983.JPG) taken on 2026-07-30T12:39:53 at 48.182056,16.334822</description>
	<ExtendedData><SchemaData schemaUrl="#87e86746026560bba68eca80b62672f3">
		<SimpleData name="timestamp">2026/07/30 12:39:53</SimpleData>
		<SimpleData name="file">IMG_3983.JPG</SimpleData>
		<SimpleData name="picture">43944798-EF54-4764-A987-B463FB3E3499</SimpleData>
	</SchemaData></ExtendedData>
      <Point><coordinates>16.334822,48.182056</coordinates></Point>
  </Placemark>
  <Placemark>
	<name>2026/07/30 12:40:01</name>
	<description>[Leftist Viennese Dude picture](https://LeftistVienneseDudes.info/dudes.html?datetime=2026-07-30T12:40:01&amp;file=IMG_3984.JPG) taken on 2026-07-30T12:40:01 at 48.182097,16.334656</description>
	<ExtendedData><SchemaData schemaUrl="#87e86746026560bba68eca80b62672f3">
		<SimpleData name="timestamp">2026/07/30 12:40:01</SimpleData>
		<SimpleData name="file">IMG_3984.JPG</SimpleData>
		<SimpleData name="picture">4EE33BBE-53FE-4A9E-B4DA-096DDB755ADE</SimpleData>
	</SchemaData></ExtendedData>
      <Point><coordinates>16.334656,48.182097</coordinates></Point>
  </Placemark>
  <Placemark>
	<name>2026/07/30 12:46:31</name>
	<description>[Leftist Viennese Dude picture](https://LeftistVienneseDudes.info/dudes.html?datetime=2026-07-30T12:46:31&amp;file=IMG_3985.JPG) taken on 2026-07-30T12:46:31 at 48.180369,16.333806</description>
	<ExtendedData><SchemaData schemaUrl="#87e86746026560bba68eca80b62672f3">
		<SimpleData name="timestamp">2026/07/30 12:46:31</SimpleData>
		<SimpleData name="file">IMG_3985.JPG</SimpleData>
		<SimpleData name="picture">D87F8979-2AE0-4F2A-8603-4AE9538F3859</SimpleData>
	</SchemaData></ExtendedData>
      <Point><coordinates>16.333806,48.180369</coordinates></Point>
  </Placemark>
  <Placemark>
	<name>2026/07/30 12:47:05</name>
	<description>[Leftist Viennese Dude picture](https://LeftistVienneseDudes.info/dudes.html?datetime=2026-07-30T12:47:05&amp;file=IMG_3986.JPG) taken on 2026-07-30T12:47:05 at 48.180311,16.333928</description>
	<ExtendedData><SchemaData schemaUrl="#87e86746026560bba68eca80b62672f3">
		<SimpleData name="timestamp">2026/07/30 12:47:05</SimpleData>
		<SimpleData name="file">IMG_3986.JPG</SimpleData>
		<SimpleData name="picture">CD9BAAEE-A217-4734-A9BD-EF81D0FACF0C</SimpleData>
	</SchemaData></ExtendedData>
      <Point><coordinates>16.333928,48.180311</coordinates></Point>
  </Placemark>
  <Placemark>
	<name>2026/07/30 13:19:10</name>
	<description>[Leftist Viennese Dude picture](https://LeftistVienneseDudes.info/dudes.html?datetime=2026-07-30T13:19:10&amp;file=IMG_3987.JPG) taken on 2026-07-30T13:19:10 at 48.186908,16.332942</description>
	<ExtendedData><SchemaData schemaUrl="#87e86746026560bba68eca80b62672f3">
		<SimpleData name="timestamp">2026/07/30 13:19:10</SimpleData>
		<SimpleData name="file">IMG_3987.JPG</SimpleData>
		<SimpleData name="picture">193E80CF-6DB7-4941-8A57-C54B0F81850B</SimpleData>
	</SchemaData></ExtendedData>
      <Point><coordinates>16.332942,48.186908</coordinates></Point>
  </Placemark>
  <Placemark>
	<name>2026/07/30 13:19:19</name>
	<description>[Leftist Viennese Dude picture](https://LeftistVienneseDudes.info/dudes.html?datetime=2026-07-30T13:19:19&amp;file=IMG_3988.JPG) taken on 2026-07-30T13:19:19 at 48.186936,16.332744</description>
	<ExtendedData><SchemaData schemaUrl="#87e86746026560bba68eca80b62672f3">
		<SimpleData name="timestamp">2026/07/30 13:19:19</SimpleData>
		<SimpleData name="file">IMG_3988.JPG</SimpleData>
		<SimpleData name="picture">190ABDE1-1F97-4D4B-AE32-E15B8C68ECAC</SimpleData>
	</SchemaData></ExtendedData>
      <Point><coordinates>16.332744,48.186936</coordinates></Point>
  </Placemark>
  <Placemark>
	<name>2026/07/30 13:19:39</name>
	<description>[Leftist Viennese Dude picture](https://LeftistVienneseDudes.info/dudes.html?datetime=2026-07-30T13:19:39&amp;file=IMG_3989.JPG) taken on 2026-07-30T13:19:39 at 48.186881,16.332594</description>
	<ExtendedData><SchemaData schemaUrl="#87e86746026560bba68eca80b62672f3">
		<SimpleData name="timestamp">2026/07/30 13:19:39</SimpleData>
		<SimpleData name="file">IMG_3989.JPG</SimpleData>
		<SimpleData name="picture">79613593-FAFD-4511-9229-61A3E82A598D</SimpleData>
	</SchemaData></ExtendedData>
      <Point><coordinates>16.332594,48.186881</coordinates></Point>
  </Placemark>
  <Placemark>
	<name>2026/07/30 13:19:45</name>
	<description>[Leftist Viennese Dude picture](https://LeftistVienneseDudes.info/dudes.html?datetime=2026-07-30T13:19:45&amp;file=IMG_3990.JPG) taken on 2026-07-30T13:19:45 at 48.186856,16.332581</description>
	<ExtendedData><SchemaData schemaUrl="#87e86746026560bba68eca80b62672f3">
		<SimpleData name="timestamp">2026/07/30 13:19:45</SimpleData>
		<SimpleData name="file">IMG_3990.JPG</SimpleData>
		<SimpleData name="picture">518C2F10-0E33-449D-9BE7-63AEBF68E683</SimpleData>
	</SchemaData></ExtendedData>
      <Point><coordinates>16.332581,48.186856</coordinates></Point>
  </Placemark>
  <Placemark>
	<name>2026/07/30 13:20:20</name>
	<description>[Leftist Viennese Dude picture](https://LeftistVienneseDudes.info/dudes.html?datetime=2026-07-30T13:20:20&amp;file=IMG_3991.JPG) taken on 2026-07-30T13:20:20 at 48.186778,16.332328</description>
	<ExtendedData><SchemaData schemaUrl="#87e86746026560bba68eca80b62672f3">
		<SimpleData name="timestamp">2026/07/30 13:20:20</SimpleData>
		<SimpleData name="file">IMG_3991.JPG</SimpleData>
		<SimpleData name="picture">1CC18532-1496-449E-AB8B-9591CDE71AD0</SimpleData>
	</SchemaData></ExtendedData>
      <Point><coordinates>16.332328,48.186778</coordinates></Point>
  </Placemark>
  <Placemark>
	<name>2026/07/30 13:20:29</name>
	<description>[Leftist Viennese Dude picture](https://LeftistVienneseDudes.info/dudes.html?datetime=2026-07-30T13:20:29&amp;file=IMG_3992.JPG) taken on 2026-07-30T13:20:29 at 48.186714,16.332269</description>
	<ExtendedData><SchemaData schemaUrl="#87e86746026560bba68eca80b62672f3">
		<SimpleData name="timestamp">2026/07/30 13:20:29</SimpleData>
		<SimpleData name="file">IMG_3992.JPG</SimpleData>
		<SimpleData name="picture">5474C835-D5F0-4545-8C13-77F338952FE5</SimpleData>
	</SchemaData></ExtendedData>
      <Point><coordinates>16.332269,48.186714</coordinates></Point>
  </Placemark>
  <Placemark>
	<name>2026/07/30 13:25:32</name>
	<description>[Leftist Viennese Dude picture](https://LeftistVienneseDudes.info/dudes.html?datetime=2026-07-30T13:25:32&amp;file=IMG_3993.JPG) taken on 2026-07-30T13:25:32 at 48.187225,16.332781</description>
	<ExtendedData><SchemaData schemaUrl="#87e86746026560bba68eca80b62672f3">
		<SimpleData name="timestamp">2026/07/30 13:25:32</SimpleData>
		<SimpleData name="file">IMG_3993.JPG</SimpleData>
		<SimpleData name="picture">83C41B71-91C3-4331-9CC1-CA2DA553B013</SimpleData>
	</SchemaData></ExtendedData>
      <Point><coordinates>16.332781,48.187225</coordinates></Point>
  </Placemark>
  <Placemark>
	<name>2026/07/30 13:25:39</name>
	<description>[Leftist Viennese Dude picture](https://LeftistVienneseDudes.info/dudes.html?datetime=2026-07-30T13:25:39&amp;file=IMG_3994.JPG) taken on 2026-07-30T13:25:39 at 48.187164,16.332672</description>
	<ExtendedData><SchemaData schemaUrl="#87e86746026560bba68eca80b62672f3">
		<SimpleData name="timestamp">2026/07/30 13:25:39</SimpleData>
		<SimpleData name="file">IMG_3994.JPG</SimpleData>
		<SimpleData name="picture">45A1AD8F-664F-495C-8753-89A98B76F65D</SimpleData>
	</SchemaData></ExtendedData>
      <Point><coordinates>16.332672,48.187164</coordinates></Point>
  </Placemark>
  <Placemark>
	<name>2026/07/30 13:32:46</name>
	<description>[Leftist Viennese Dude picture](https://LeftistVienneseDudes.info/dudes.html?datetime=2026-07-30T13:32:46&amp;file=IMG_3995.JPG) taken on 2026-07-30T13:32:46 at 48.188731,16.337294</description>
	<ExtendedData><SchemaData schemaUrl="#87e86746026560bba68eca80b62672f3">
		<SimpleData name="timestamp">2026/07/30 13:32:46</SimpleData>
		<SimpleData name="file">IMG_3995.JPG</SimpleData>
		<SimpleData name="picture">1C02B163-F407-4099-9A12-4552AB79CD77</SimpleData>
	</SchemaData></ExtendedData>
      <Point><coordinates>16.337294,48.188731</coordinates></Point>
  </Placemark>
  <Placemark>
	<name>2026/07/30 13:32:51</name>
	<description>[Leftist Viennese Dude picture](https://LeftistVienneseDudes.info/dudes.html?datetime=2026-07-30T13:32:51&amp;file=IMG_3996.JPG) taken on 2026-07-30T13:32:51 at 48.188764,16.337294</description>
	<ExtendedData><SchemaData schemaUrl="#87e86746026560bba68eca80b62672f3">
		<SimpleData name="timestamp">2026/07/30 13:32:51</SimpleData>
		<SimpleData name="file">IMG_3996.JPG</SimpleData>
		<SimpleData name="picture">ADAB25A8-EF41-4BB3-B306-55D4CF425AB1</SimpleData>
	</SchemaData></ExtendedData>
      <Point><coordinates>16.337294,48.188764</coordinates></Point>
  </Placemark>
</Folder>
</Document></kml>
